index_label,,不良反应,中西药,产品类型：,儿童用药,包　　装,品　　牌：,商品名称：,孕妇及哺乳期妇女用药,成　　份,有 效 期,注意事项,现价,生产厂家：,用法用量,禁 忌 症,药代动力学,药品性状,药物相互作用,药物过量,药理毒理,规格,贮　　藏,适 应 症,通 用 名：
0,,临床研究经验 　　成人治疗试验 　　在成人流感治疗的Ⅲ期临床试验中，共有1887名患者参加试验，分别接受安慰剂、75毫克磷酸奥司他韦和150毫克磷酸奥司他韦治疗，报告的不良事件中发生率最高的是恶心和呕吐。症状是一过性的，常在第一次服药时发生。绝大多数的情况下没有导致患者停用研究药物。在推荐剂量下，即75毫克，每日2次，有3例患者由于恶心中途退出试验，另有3名患者因为呕吐中途退出试验。 　　在成人Ⅲ期临床试验中，一些不良事件的发生率在磷酸奥司他韦组比安慰剂组高。发生率≥1%的不良事件如表1所示。这些数据总结,西药,常备用药,,15mg*10袋/盒,可威,可威 磷酸奥司他韦颗粒,,"本品主要成份为磷酸奥司他韦，其化学名称为:(3R,4R,5S)-4-乙酰氨基-5-氨基-3(1-乙丙氧基)-1-环己烯-1-羧酸乙酯磷酸盐。",24个月,1．自磷酸奥司他韦上市后，陆续收到流感患者使用磷酸奥司他韦治疗发生自我伤害和谵妄事件的报告，大部分报告来自日本，主要是儿科患者，但磷酸奥司他韦与这些事件的相关性还不清楚。在使用该药物治疗期间，应该对患者的自我伤害和谵妄事件等异常行为进行密切监测。 2．尚无证据显示磷酸奥司他韦对甲型流感和乙型流感以外的其他疾病有效。 3．奥司他韦对1岁以下儿童治疗流感的安全性和有效性尚未确定。 4．奥司他韦对13岁以下儿童预防流感的安全性和有效性尚未确定。 5．在健康状况差或不稳定必须入院的患者中奥司他韦的安全性和,78.00,宜昌长江药业有限公司,磷酸奥司他韦可以与食物同服或分开服用。流感的治疗在流感症状开始的第一天或第二天（理想状态为36小时内）就应开始治疗。剂量指导成人和青少年磷酸奥司他韦在成人和13岁以上青少年的推荐口服剂量是每次75毫克，每日2次，共5天。儿童对1岁以上的儿童推荐按照下列体重-剂量表服用体重 推荐剂量（服用5天） ≤15千克 15-23千克 23-40千克 40千克 30毫克，每日2次 45毫克，每日2次 60毫克，每日2次 75毫克，每日2次流感的预防磷酸奥司他韦用于与流感患者密切接触后的流感预防时的推荐口服剂量为7,对本品的任何成分过敏者禁用。,吸收口服给药后，磷酸奥司他韦在胃肠道被迅速吸收，经肝脏或/和肠壁酯酶迅速转化为活性代谢产物（奥司他韦羧酸盐）。至少75%的口服剂量以活性代谢产物的形式进入体内循环。相对于活性代谢物，少于5%的药物以药物前体的形式存在。活性代谢产物的血浆浓度与服用剂量成比例，并且不受进食影响（见【用法用量】）。 　　分布 　　人体内活性代谢产物（奥司他韦羧酸盐）的平均分布容积（Vss）约为23升。 　　对白鼬，大鼠和兔的研究显示，药物的活性代谢产物可以到达所有流感病毒感染的部位。研究显示，口服磷酸奥司他韦后其活性代谢产物在,"本品为灰白色和浅黄色双色胶囊,内容物为白色至黄白色粉末。",与流感疫苗的相互作用：尚无磷酸奥司他韦和减毒活流感疫苗相互作用的评估。但由于两者之间可能存在相互作用，除非临床需要，在使用减毒活流感疫苗两周内不应服用磷酸奥司他韦，在服用磷酸奥司他韦后48小时内不应使用减毒活流感疫苗。因为磷酸奥司他韦作为抗病毒药物可能会抑制活疫苗病毒的复制。三价灭活流感疫苗可以在服用磷酸奥司他韦前后的任何时间使用。 　　药理学和药代动力学研究数据表明，磷酸奥司他韦和其它药物之间基本上没有显著的具有临床意义的相互作用。 　　磷酸奥司他韦被主要分布在肝脏的酯酶迅速转化为活性代谢产物（奥司他韦,,磷酸奥司他韦是其活性代谢产物的药物前体，其活性代谢产物（奥司他韦羧酸盐）是选择性的流感病毒神经氨酸酶抑制剂。神经氨酸酶是病毒表面的一种糖蛋白酶，其活性对新形成的病毒颗粒从被感染细胞中释放和感染性病毒在人体内进一步播散至关重要。 磷酸奥司他韦的活性代谢产物能够抑制甲型和乙型流感病毒的神经氨酸酶活性。在体外对病毒神经氨酸酶活性的半数抑制浓度低至纳克水平。在体外观察到活性代谢产物抑制流感病毒生长，在体内也观察到其抑制流感病毒的复制和致病性。 本品通过抑制病毒从被感染的细胞中释放，从而减少了甲型或乙型流感病毒的播,15mg*10袋/盒,密闭保存。,1.用于成人和1岁及1岁以上儿童的甲型和乙型流感治疗（磷酸奥司他韦能够有效治疗甲型和乙型流感，但是乙型流感的临床应用数据尚不多）。 2.用于成人和13岁及13岁以上青少年的甲型和乙型流感的预防。,磷酸奥司他韦颗粒
1,,临床研究经验　　成人治疗试验　　在成人流感治疗的Ⅲ期临床试验中，共有1887名患者参加试验，分别接受安慰剂、75毫克磷酸奥司他韦和150毫克磷酸奥司他韦治疗，报告的不良事件中发生率最高的是恶心和呕吐。症状是一过性的，常在第一次服药时发生。绝大多数的情况下没有导致患者停用研究药物。在推荐剂量下，即75毫克，每日2次，有3例患者由于恶心中途退出试验，另有3名患者因为呕吐中途退出试验。　　在成人Ⅲ期临床试验中，一些不良事件的发生率在磷酸奥司他韦组比安慰剂组高。发生率≥1%的不良事件如表1所示。这些数据总结了健,西药,常备用药,磷酸奥司他韦对1岁以下儿童的安全性和有效性尚未确定。,,可威,可威 磷酸奥司他韦胶囊,1.妊娠　　对大鼠和家兔进行的动物生殖研究中，没有观察到药物具有致畸性。在3项大鼠分娩前后的研究中给予母鼠中毒剂量的磷酸奥司他韦，有2项研究出现未断奶幼鼠的生长迟滞，产程也延长。　　在对大鼠进行的生育,本品主要成份为磷酸奥司他韦。化学名称：（3R，4R，5S）-4-乙酰氨基-5-氨基-3（1-乙丙氧基）-1-环己烯-1羧酸乙酯磷酸盐。,24 月,1．自磷酸奥司他韦上市后，陆续收到流感患者使用磷酸奥司他韦治疗发生自我伤害和谵妄事件的报告，大部分报告来自日本，主要是儿科患者，但磷酸奥司他韦与这些事件的相关性还不清楚。在使用该药物治疗期间，应该对患者的自我伤害和谵妄事件等异常行为进行密切监测。 2．尚无证据显示磷酸奥司他韦对甲型流感和乙型流感以外的其他疾病有效。 3．奥司他韦对1岁以下儿童治疗流感的安全性和有效性尚未确定。 4．奥司他韦对13岁以下儿童预防流感的安全性和有效性尚未确定。 5．在健康状况差或不稳定必须入院的患者中奥司他韦的安全性和有效性,179.00,宜昌长江药业有限公司,磷酸奥司他韦可以与食物同服或分开服用。流感的治疗在流感症状开始的第一天或第二天（理想状态为36小时内）就应开始治疗。剂量指导成人和青少年磷酸奥司他韦在成人和13岁以上青少年的推荐口服剂量是每次75毫克，每日2次，共5天。儿童对1岁以上的儿童推荐按照下列体重-剂量表服用体重 推荐剂量（服用5天） ≤15千克 15-23千克 23-40千克 40千克 30毫克，每日2次 45毫克，每日2次 60毫克，每日2次 75毫克，每日2次流感的预防磷酸奥司他韦用于与流感患者密切接触后的流感预防时的推荐口服剂量为7,对本品的任何成分过敏者禁用。,吸收　　口服给药后，磷酸奥司他韦在胃肠道被迅速吸收，经肝脏或/和肠壁酯酶迅速转化为活性代谢产物（奥司他韦羧酸盐）。至少75%的口服剂量以活性代谢产物的形式进入体内循环。相对于活性代谢物，少于5%的药物以药物前体的形式存在。活性代谢产物的血浆浓度与服用剂量成比例，并且不受进食影响（见【用法用量】）。　　分布　　人体内活性代谢产物（奥司他韦羧酸盐）的平均分布容积（Vss）约为23升。　　对白鼬，大鼠和兔的研究显示，药物的活性代谢产物可以到达所有流感病毒感染的部位。研究显示，口服磷酸奥司他韦后其活性代谢产物在肺,本品为硬胶囊，内容物为白色或类白色的粉末或颗粒。,与流感疫苗的相互作用：尚无磷酸奥司他韦和减毒活流感疫苗相互作用的评估。但由于两者之间可能存在相互作用，除非临床需要，在使用减毒活流感疫苗两周内不应服用磷酸奥司他韦，在服用磷酸奥司他韦后48小时内不应使用减毒活流感疫苗。因为磷酸奥司他韦作为抗病毒药物可能会抑制活疫苗病毒的复制。三价灭活流感疫苗可以在服用磷酸奥司他韦前后的任何时间使用。　　药理学和药代动力学研究数据表明，磷酸奥司他韦和其它药物之间基本上没有显著的具有临床意义的相互作用。　　磷酸奥司他韦被主要分布在肝脏的酯酶迅速转化为活性代谢产物（奥司他韦羧酸,目前尚无药物过量的报道。估计急性药物过量最可能表现为恶心，伴随或不伴随呕吐。研究表明，给6位健康志愿者单剂服用高达1000毫克的磷酸奥司他韦后，1位志愿者发生恶心，另一位志愿者连续2天发生呕吐。一盒含,磷酸奥司他韦是其活性代谢产物的药物前体，其活性代谢产物（奥司他韦羧酸盐）是选择性的流感病毒神经氨酸酶抑制剂。神经氨酸酶是病毒表面的一种糖蛋白酶，其活性对新形成的病毒颗粒从被感染细胞中释放和感染性病毒在人体内进一步播散至关重要。磷酸奥司他韦的活性代谢产物能够抑制甲型和乙型流感病毒的神经氨酸酶活性。在体外对病毒神经氨酸酶活性的半数抑制浓度低至纳克水平。在体外观察到活性代谢产物抑制流感病毒生长，在体内也观察到其抑制流感病毒的复制和致病性。本品通过抑制病毒从被感染的细胞中释放，从而减少了甲型或乙型流感病毒的播散。,75mg*10粒,密闭。,1.用于成人和1岁及1岁以上儿童的甲型和乙型流感治疗（磷酸奥司他韦能够有效治疗甲型和乙型流感，但是乙型流感的临床应用数据尚不多）。 2.用于成人和13岁及13岁以上青少年的甲型和乙型流感的预防。,磷酸奥司他韦胶囊
2,,个别患者服用本品后出现过敏性皮疹、过敏性休克、过敏性紫癜以及心动过速等不良反应。,中药,常备用药,,包装规格为10ml×10支/盒；包装材质为液体药用塑料瓶。,育林,育林 藿香正气水,,苍术、陈皮、厚朴(姜制)、白芷、茯苓、大腹皮、生半夏、甘草浸膏、广藿香油、紫苏叶油。辅料为：乙醇。,24个月。,1、忌烟、酒及辛辣、生冷、油腻食物，饮食宜清淡。 2、不宜在服药期间同时服用滋补性中药。 3、有高血压、心脏病、肝病、糖尿病、肾病等慢性病严重者应在医师指导下服用。 4、儿童、孕妇、哺乳期妇女、年老体弱者应在医师指导下服用。 5、吐泻严重者应及时去医院就诊。 6、本品含乙醇（酒精）40%～50%，服药后不得驾驶机、车、船、从事高空作业、机械作业及操作精密仪器。 7、严格按用法用量服用，本品不宜长期服用。 8、服药3天症状无缓解，应去医院就诊。 9、对本品及酒精过敏者禁用，过敏体质者慎用。,4.50,四川省通园制药集团有限公司,口服，一次半支-1支，一日2次，用时摇匀。,尚未明确。,,本品为深棕色的澄清液体(久贮略有浑浊)；味辛、苦。,如与其他药物同时使用可能会发生药物相互作用，详情请咨询医师或药师。,,,10ml*10支,密封。,解表化湿，理气和中。用于暑湿感冒，头痛身重胸闷，或恶寒发热，脘腹胀痛，呕吐泄泻。,藿香正气水
3,,尚不明确。,中药,常备用药,,复合铝袋包装，每盒10袋。,白云山,白云山 小柴胡颗粒,,柴胡、姜半夏、黄芩、党参、甘草、生姜、大枣。辅料为：糊精、甘露醇。,24个月。,1、忌烟、酒及辛辣、生冷、油腻食物。 2、不宜在服药期间同时服用滋补性中成药。 3、高血压、心脏病、肝病、肾病等慢性病严重者应在医师指导下服用。 4.服药3天后或服药期间症状无改善，或症状加重，或出现新的严重症状如胸闷、心悸等应立即停药，并去医院就诊。 5.儿童、孕妇、哺乳期妇女、年老体弱者应在医师指导下服用。 6.对本品过敏者禁用，过敏体质者慎用。 7.本品性状发生改变时禁止使用。 8.儿童必须在成人监护下使用。 9.请将本品放在儿童不能接触的地方。 10.如正在使用其他药品，使用本品,16.00,广州白云山光华制药股份有限公司,开水冲服，一次1-2袋，一日3次。,尚不明确。,,本品为棕褐色的颗粒；味甜或微苦。,如与其他药物同时使用可能会发生药物相互作用，详情请咨询医师或药师。,,,10g*10包,密封。,解表散热，疏肝和胃。用于寒热往来，胸肋苦满，心烦喜吐，口苦咽干。,小柴胡颗粒
4,,偶见皮疹、荨麻疹、药热及粒细胞减少；可见困倦、嗜睡、口渴、虚弱感；长期大量用药会导致肝肾功能异常。,中药,常备用药,,10g*9袋/盒。,999,999 感冒灵颗粒,,三叉苦、金盏银盘、野菊花、岗梅、咖啡因、对乙酰氨基酚、马来酸氯苯那敏、薄荷油。辅料为蔗糖粉。,24个月。,1.忌烟、酒及辛辣、生冷、油腻食物。2.不宜在服药期间同时服用滋补性中成药.999感冒灵颗粒含对乙酰氨基酚、马来酸氯苯那敏、咖啡因。服用本品期间不得饮酒或含有酒精的饮料；不能同时服用与本品成份相似的其他抗感冒药；肝、肾功能不全者慎用；膀胱颈梗阻、甲状腺功能亢进、青光眼、高血压和前列腺肥大者慎用；孕妇及哺乳期妇女慎用；服药期间不得驾驶机、车、船、从事高空作业、机械作业及操作精密仪器。4.脾胃虚寒，症见腹痛、喜暖、泄泻者慎用。5.糖尿病患者及有心脏病等慢性病严重者应在医师指导下服用6.儿童、年老体弱者应在医师,13.00,华润三九医药股份有限公司,开水冲服，一次10克（1袋），一日3次。,严重肝肾功能不全者禁用。,,本品为棕色的颗粒，味甜、微苦。,如与其他药物同时使用可能会发生药物相互作用，详情请咨询医师或药师。,,,10g*9包,密封。,解热镇痛。用于感冒引起的头痛，发热，鼻塞，流涕，咽痛。,感冒灵颗粒
5,,尚不明确。,中药,常备用药,,10ml*5支,江西民济,江西民济 藿香正气合剂,,苍术、陈皮、厚朴(姜制)、白芷、茯苓、大腹皮、生半夏、甘草浸膏、广藿香油、紫苏叶油、桔梗、生姜、大枣。辅料为苯甲酸钠。,24 月,饮食宜清淡。 2.不宜在服药期间同时服用滋补性中成药。 3.有高血压、心脏病、肝病、糖尿病、肾病等慢性病严重者、孕妇或正在接受其它治疗的患者，均应在医师指导下服用。 4.服药三天后症状未改善，或出现吐泻明显，并有其他严重症状时应去医院就诊。 5.按照用法用量服用，小儿、年老体虚者应在医师指导下服用。 6.长期服用应向医师咨询。 7.对本品过敏者禁用，过敏体质者慎用。 8.本品性状发生改变时禁止使用。 9.儿童必须在成人监护下使用。 10.请将本品放在儿童不能接触的地方。 12.如正在使,6.50,江西民济药业有限公司,口服，一次10-15毫升，一日3次。用时摇匀。,尚不明确。,,本品为棕黑色的澄清液体；气芳香，味微苦。,如与其他药物同时使用可能会发生药物相互作用，详情请咨询医师或药师。,,,10ml*5支,密封，置阴凉处保存。,解表化湿，理气和中。用于暑湿感冒，头痛身重胸闷，或恶寒发热，脘腹胀痛，呕吐泄泻。,藿香正气合剂
6,,尚不明确。,中药,常备用药,,盒。,王老吉,王老吉 人丹(水丸),,薄荷脑、肉桂、甘草、儿茶、木香、冰片、桔梗、樟脑、小茴香、草豆蔻、丁香罗勒油。,30个月。,1、饮食宜清淡，忌食辛辣、生冷、油腻食物。2、不宜在服药期间同时服用滋补性中药。3、脾胃虚寒泄泻者慎服。4、高血压、心脏病、肝病、糖尿病、肾病等慢性病严重者应在医师指导下服用。5、严格按用法用量服用，儿童、年老体弱者应在医师指导下服用。6、服药3天症状无缓解，应去医院就诊。7、对本品过敏者禁用，过敏体质者慎用。8、本品性状发生改变时禁止使用。9、儿童必须在成人监护下使用。10、请将本品放在儿童不能接触的地方。11、如正在使用其他药品，使用本品前请咨询医师或药师。,6.00,广东王老吉药业股份有限公司,口服或含服，一次0.1～0.2克。,婴幼儿、孕妇禁用。,,本品为银色的包衣水丸，除去包衣后显灰褐色；气香，味辛凉而甘。,"如与其他药物同时使用可能会发生药物相互作用,详情请咨询医师或药师。",,,1.725g*1瓶,密封。,驱风健胃。用于消化不良，恶心呕吐，晕船，轻度中暑，酒醉饱滞。,人丹
7,,尚不明确。,中药,常备用药,,10g*10袋,云丰,云丰 小柴胡颗粒,,柴胡、黄芩、半夏（姜制）、党参、生姜、甘草、大枣。,24个月,1.忌烟、酒及辛辣、生冷、油腻食物。 2.不宜在服药期间同时服用滋补性中药。 3.风寒感冒者不适用。 4.糖尿病患者及有高血压、心脏病、肝病、肾病等慢性病严重者应在医师指导下服用。 5.儿童、孕妇、哺乳期妇女、年老体弱者应在医师指导下服用。 6.发热体温超过38.5℃的患者，应去医院就诊。 7.服药3天症状无缓解，应去医院就诊。 8.对本品过敏者禁用，过敏体质者慎用。 9.本品性状发生改变时禁止使用。 10.儿童必须在成人监护下使用。 11.请将本品放在儿童不能接触的地方。 12.如,20.00,云南白药集团股份有限公司,开水冲服。一次1～2袋，一日3次。,尚不明确。,,本品为棕褐色的颗粒；味甜。,如与其他药物同时使用可能会发生药物相互作用，详情请咨询医师或药师。,,,10g*10袋,密封。,解表散热，疏肝和胃。用于外感病，邪犯少阳证，症见寒热往来、胸胁苦满、食欲不振、心烦喜呕、口苦咽干。,小柴胡颗粒
8,,尚不明确。,中药,常备用药,,10ml*10支/盒,康森,康森 藿香正气水,,广藿香油、紫苏叶油、白芷、苍术、厚朴(姜制)、生半夏、茯苓、陈皮、大腹皮、甘草浸膏。,24个月,1.忌烟﹑酒及辛辣﹑生冷﹑油腻食物，饮食宜清淡。不宜在服药期间同时服用滋补性中药。 2.有高血压﹑心脏病﹑肝病﹑糖尿病﹑肾病等慢性病严重者应在医师指导下服用。 3.儿童﹑孕妇﹑哺乳期妇女﹑年老体弱者应在医师指导下服用。 4.吐泻严重者应及时去医院就诊。 5.本品含乙醇（酒精）40％～50％，服药后不得驾驶机﹑车﹑船﹑从事高空作业﹑机械作业及操作精密仪器。 6.严格按用法用量服用，本品不宜长期服用。 7.服药3天症状无缓解，应去医院就诊。 8.对本品及酒精过敏者禁用，过敏体质者慎用。 9.本,7.00,四川彩虹制药有限公司,"口服,一次半支-1支,一日2次,用时摇匀。",尚不明确。,,本品为深棕色的澄清液体(久贮略有浑浊)；味辛、苦。,,,,10ml*10支,密封。,解表化湿，理气和中。用于外感风寒、内伤湿滞或夏伤暑湿所致的感冒，症见头痛昏重、胸膈痞闷、脘腹胀痛、呕吐泄泻；胃肠型感冒见上述证候者。,藿香正气水
9,,尚不明确。,中药,常备用药,,铝塑复合袋装，每盒装6袋。,云南白药,云丰 小柴胡颗粒,,柴胡、黄芩、姜半夏、党参、生姜、甘草、大枣。辅料为蔗糖。,24个月。,1.忌烟、酒及辛辣、生冷、油腻食物。2.不宜在服药期间同时服用滋补性中成药。3.高血压、心脏病、肝病、肾病等慢性病严重者应在医师指导下服用。4.服药3天后或服药期间症状无改善，或症状加重，或出现新的严重症状如胸闷、心悸等应立即停药，并去医院就诊。5.儿童、孕妇、哺乳期妇女、年老体弱者应在医师指导下服用。6.对本品过敏者禁用，过敏体质者慎用。7.本品性状发生改变时禁止使用。8.儿童必须在成人监护下使用。9.请将本品放在儿童不能接触的地方。10.如正在使用其他药品，使用本品前请咨询医师或药师。,7.00,云南白药集团股份有限公司,开水冲服。一次1-2袋，一日3次。,尚不明确。,,本品为黄色至棕褐色的颗粒；味甜。,如与其他药物同时使用可能会发生药物相互作用详情请咨询医师或药师。,,,10g*6袋,密封。,解表散热，疏肝和胃。用于外感病，邪犯少阳证，症见寒热往来、胸胁苦满、食欲不振、心烦喜呕、口苦咽干。,小柴胡颗粒
10,,尚不明确,中药,常备用药,,口服液体药用高密度聚乙烯瓶，10ml*10支,府庆,府庆 藿香正气水,,苍术、陈皮、厚朴（姜制）、白芷、茯苓、大腹皮、生半夏、甘草浸膏、广藿香油、紫苏叶油。辅料为干姜、乙醇。,24个月,1.忌烟、酒及辛辣、生冷、油腻食物，饮食宜清淡。2.不宜在服药期间同时服用滋补性中药。3.有高血压、心脏病、肝病、糖尿病、肾病等慢性病严重者应在医师指导下服用。4.儿童、孕妇、哺乳期妇女、年老体弱者应在医师指导下服用。5.吐泻严重者应及时去医院就诊。6.本品含乙醇（酒精）40％～50％，服药后不得驾驶机、车、船、从事高空作业、机械作业及操作精密仪器。7.严格按用法用量服用，本品不宜长期服用。8.服药3天症状无缓解，应去医院就诊。9.对本品及酒精过敏者禁用，过敏体质者慎用。详见说明书,5.00,四川省府庆制药有限公司,口服。一次5～10毫升，一日2次，用时摇匀。,尚不明确,,本品为深棕色的澄清液体（久贮略有浑浊）；味辛、苦。,如与其他药物同时使用可能会发生药物相互作用，详情请咨询医师或药师。,,,10ml/支*10支,密封,解表化湿，理气和中。用于外感风寒、内伤湿滞或夏伤暑湿所致的感冒，症见头痛昏重、胸膈痞闷、脘腹胀痛、呕吐泄泻；胃肠型感冒见上述证候者。,藿香正气水
11,,尚不明确,中药,常备用药,,0.35g*36粒/盒,以岭,以岭 连花清瘟胶囊,,连翘、金银花、炙麻黄、炒苦杏仁、石膏、板蓝根、绵马贯众、鱼腥草、广藿香、大黄、红景天、薄荷脑、甘草。,30个月,详见说明书,21.90,石家庄以岭药业股份有限公司,口服。一次4粒，一日3次。,尚不明确,,本品为胶囊剂，内容物为棕黄色至黄褐色颗粒；味微苦，气微香。,如与其他药物同时使用可能会发生药物相互作用，详情请咨询医师或药师,,,0.35g*36粒,密封，置阴凉干燥处。,清瘟解毒，宣肺泄热。用于治疗流行性感冒属热毒袭肺证，症见：发热或高热，恶寒，肌肉酸痛，鼻塞流涕，咳嗽，头痛，咽干咽痛，舌偏红，苔黄或黄腻等。,连花清瘟胶囊
12,,可见困倦、嗜睡、口渴、虚弱感；偶见皮疹、荨麻疹、药热及粒细胞减少；长期大量用药会导致肝肾功能异常。,中药,常备用药,,12片/盒。,德众,德众 维C银翘片,,金银花、连翘、荆芥、淡豆豉、淡竹叶、牛蒡子、桔梗、芦根、甘草、马来酸氯苯那敏、对乙酰氨基酚、维生素C、薄菏油。,36个月。,1.忌烟、酒及辛辣、生冷、油腻食物。2.不宜在服药期间同时服用滋补性中成药。 3.不适用于风寒感冒，表现为恶寒明显，无汗，头痛身酸，鼻塞流清涕。4.心脏病、糖尿病等慢性病严重者应在医师指导下服用。5.服药三天后症状无改善，或症状加重，或出现新的严重症状如胸闷、心悸等应立即停药，并去医院就诊。6.儿童、年老体弱者应在医师指导下服用。7.对本品过敏者禁用，过敏体质者慎用。8.本品含马来酸氯苯那敏、对乙酰氨基酚、维生素C。服用本品期间不得饮酒或含有酒精的饮料；不能同时服用与本品成份相似的其他抗感冒药；肝、肾功能,8.00,国药集团德众(佛山)药业有限公司,口服，一次2片，一日3次。,严重肝肾功能不全者禁用。,,本品为绿色薄膜衣片，除去包衣后显灰褐色层和白色层，气微，味微苦。,1.与其他解热镇痛药并用，有增加肾毒性的危险。2.如与其他药物同时使用可能会发生药物相互作用，详情请咨询医师或药师,,,12片,密封，避光。,疏风解表，清热解毒。用于外感风热所致的流行性感冒，症见发热、头痛、咳嗽、口干、咽喉疼痛。,维C银翘片
13,,有时又轻度头晕、乏力、恶心、上腹不适、口干、食欲缺乏和皮疹等，可自行恢复。,西药,常备用药,,12粒/盒。,禾穗速校,禾穗速效 氨咖黄敏胶囊,,本品为复方制剂，每粒含对乙酰氨基酚250毫克，咖啡因15毫克，马来酸氯苯那敏1毫克，人工牛黄毫克。,24个月。,1、用药3～7天，症状未缓解，请咨询医师或药师。2、服用本品期间禁止饮酒或含有酒精的饮料。3、不能同时服用本品成分相似的其他抗感冒药。4、前列腺肥大、青光眼等患者以及年老人应在医师指导下使用。5、肝、肾功能不全者慎用。6、孕妇及哺乳期妇女慎用。7、驾驶机、车、船、从事高空作业、机械作业者工作期间慎用。8、如服用过量或发现严重不良反应，应立即就医。9、对本品过敏者禁用，过敏体质者慎用。10、当本品性状发生改变时禁用。11、请将此药品放在儿童不能接触的地方。12、儿童必须在成人监护下使用。13、如正在使用其他,8.50,广州白云山光华制药股份有限公司,口服，成人，一次1～2粒，一日3次。,严重肝肾功能不全者禁用。,详见说明书。,本品为胶囊剂，内容物为红、黄、绿、白四色混合小丸。,1、本品不应与含有氯霉素、巴比妥类等同服。2、长期服用本品或与其他解热镇痛药同服有增加肾毒性之危险。3、如正在服用其他药品，使用本品前请咨询医师或药师。,,本品中对乙酰氨基酚能抑制前列腺素合成，有解热镇痛作用；咖啡因为中枢兴奋药，能增强对乙酰氨基酚的解热镇痛效果，并减轻其他药物所致的嗜睡、头晕等中枢抑制作用；马来酸氯苯那敏为抗组胺药，能减轻流涕、鼻塞、打喷嚏症状；人工牛黄具有解热镇惊作用。,12粒,密封，在阴凉处保存。,用于缓解普通感冒及流行性感冒引起的发热、头痛、四肢酸痛、打喷嚏、流鼻涕、鼻塞、咽痛等症状。,氨咖黄敏胶囊
14,,1、少数病人可出现恶心、呕吐、胃烧灼感或轻度消化不良、胃肠道溃疡及出血、转氨酶升高、头痛、头晕、耳鸣、视力模糊、精神紧张、嗜睡、下肢水肿或体重骤增。2、罕见皮疹、过敏性肾炎、膀胱炎、肾病综合征、肾乳头坏死或肾功能衰竭、支气管痉挛。,西药,常备用药,,盒。,芬必得,芬必得 布洛芬缓释胶囊,,本品每粒含布洛芬0.3克。,36个月。,1、本品为对症治疗药，自我用药不宜长期或大量使用，用于止痛不得超过5天，用于解热不得超过3天，如症状不缓解，请咨询医师或药师。2、对本品及其其他解热、镇痛抗炎药物过敏者禁用。过敏体质者慎用。3、第一次使用本品如出现皮疹或过敏症状，应停药并咨询医师。4、必须整粒吞服，不得打开或溶解后服用。5、不能同时服用其他含有解热镇痛药的药品（如某些复方抗感冒药）。6、服用本品期间不得饮酒或含有酒精的饮料。7、胃肠病患者使用前请咨询医师或药师。8、有下列情况患者慎用：60岁以上、支气管哮喘、肝肾功能不全、凝血机制或血小板,20.00,中美天津史克制药有限公司,口服。成人，一次1粒，一日2次（早晚各一次）。,1、对其他非甾体抗炎药过敏者禁用。2、孕妇及哺乳期妇女禁用。3、对阿司匹林过敏的哮喘患者禁用。,,本品内容物为白色球形小丸。,1、本品与其他解热、镇痛、抗炎药物同用时可增加胃肠道不良反应，并可能导致溃疡。2、本品与肝素、双香豆素等抗凝药同用时，可导致凝血酶原时间延长，增加出血倾向。3、本品与地高辛、甲氨蝶呤、口服降血糖药物同用时，能使这些药物的血药浓度增高，不宜同用。4、本品与呋塞米（呋喃苯胺酸）同用时，后者的排钠和降压作用减弱；与抗高血压药同用时，也降低后者的降压效果。5、如与其他药物同时使用可能会发生药物相互作用，详情请咨询医师或药师。,,本品能抑制前列腺素的合成，具有镇痛、解热和抗炎的作用。且为缓释剂型，可使药物在体内逐渐释放。每服用一次，可持续12小时止痛。,0.3g*20粒,密封保存。,用于缓解轻至中度疼痛如关节痛、肌肉痛、神经痛、头痛、偏头痛、牙痛、痛经，也用于普通感冒或流行性感冒引起的发热。,布洛芬缓释胶囊
15,,,西药,常备用药,,10ml*10支,三清山,三清山 氨咖黄敏口服溶液,,每10毫升含对乙酰氨基酚250毫克、咖啡因15毫克、马来酸氯苯那敏3毫克、人工牛黄10毫克。,36个月,1、每次服用间隔时间不少于6小时， 2、肝、肾功能不全者慎用 3、服药期间不宜驾驶车辆，操作机器及高空作业,97.00,江西和盈药业有限公司,口服，一次10-20ml，一日3次，儿童：1-4岁，一次2.5ml；5-9岁，一次5ml；10岁以上儿童，一次7.5-10ml,对本品过敏者禁用,,浅黄色或淡棕黄色澄清液体、味甜、芳香,,,,10ml*10支,避光，密闭,用于感冒引起的发热，喷嚏，鼻塞，头痛，咽喉痛等,氨咖黄敏口服溶液
16,,尚不明确。,中药,常备用药,,,昆中,昆中 感冒消炎片,,臭灵丹、蒲公英、千里光。辅料为淀粉、糊精、硬脂酸镁、滑石粉、包衣剂。,36个月,1.忌烟、酒及辛辣、生冷、油腻食物。 2.不宜在服药期间同时服用滋补性中成药。 3.风寒感冒者不适用，其表现为恶寒重，发热轻，无汗，头痛，鼻塞，流清涕，喉痒咳嗽。 4.高血压、心脏病、肝病、糖尿病、肾病等慢性病严重者应在医师指导下服用。 5.服药三天后症状无改善，或症状加重，或出现新的严重症状如胸闷、心悸等应立即停药，并去医院就诊。 6.小儿、年老体弱者、孕妇应在医师指导下服用。 7.脾胃虚寒，症见腹痛、喜暖、泄泻者慎用。 8.对本品过敏者禁用，过敏体质者慎用。 9.本品性状发生改变时禁止,20.00,昆明中药厂有限公司,口服，一次6片，一日3次。,尚不明确。,,本品为糖衣片，除去糖衣后显棕褐色；味微苦。,,,,24片*2板,密封,散风清热，解毒利咽。用于感冒发热，咳嗽，咽喉肿痛，扁桃体炎，目赤肿痛。,感冒消炎片
17,,中枢神经：出现可逆性耳鸣，听力下降，多在服用一定疗程。血药浓度达200-300μg/L后出现。,西药,新药特药,,50mg*100片/盒。,舒泰神,舒泰神 阿司匹林肠溶片,,阿司匹林。,24个月。,避免与其他非甾体抗炎药，包括选择性COX-2抑制剂合并用药。,7.00,舒泰神(北京)生物制药股份有限公司,口服。8～14岁儿童，一次1片；14岁以上儿童及成人，一次1～2片；若持续发热或疼痛，可间隔4~6小时重复用药1次，24小时不超过4次。,1、对本品过敏者禁用； 2、下列情况应禁用：①活动性溃疡病或其他原因引起的消化道出血；②血友病或血小板减少症；③有阿司匹林或其他非甾体抗炎药过敏史者，尤其有出现哮喘、神经血管性水肿或休克者。,,"本品为肠溶包衣片,除去包衣后显白色。",详见说明书。,,本品能抑制前列腺素合成，具有解热、镇痛作用。,50mg*100片,遮光，密封在干燥处保存。,用于普通感冒或流行性感冒引起的发热，也用于缓解轻至中度疼痛如头痛、关节痛、偏头痛、牙痛、肌肉痛、神经痛、痛经。,阿司匹林肠溶片
18,,有时有轻度头晕，乏力，恶心，上腹不适，口干。食欲缺乏和皮疹等，可自行恢复。,西药,常备用药,,12片/盒。,感康,感康 复方氨酚烷胺片,,本品为复方制剂，每片含对乙酰氨基酚250毫克，盐酸金刚烷胺100毫克，人工牛黄10毫克，咖啡因15毫克，马来酸氯苯那敏2毫克。,36个月。,1.药用3-7天，症状未缓解，请咨询医师或药师。2.服用本品期间不得饮酒或含有酒精的饮料。3.不能同时服用与本品成份相似的其他抗感冒药。4.肝功能不全、肾功能不全、脑血管病史、精神病史或癫痫病史患者慎用。5.前列腺肥大、青光眼等患者以及老年人应在医师指导下使用。6.孕妇及哺乳期妇女慎用。7.服药期间不得驾驶机、车、床、从事高空作业、机械作业及操作精密仪器8.如果用过量或出现严重不良反应，应立即就医。9.对本品过敏者禁用，过敏体质者慎用。10.对本品形状发生改变时禁止使用。11.请将本品在儿童不能接触的地方,16.50,吉林省吴太感康药业有限公司,口服。成人，一次1片，一日2次。,严重肝肾功能不全者禁用。,未进行该项试验且无可靠参考文献。,本品为淡黄色类圆形片；味苦。,1.与其他解热镇痛药同用，可增加肾毒性的危险。2.本品不宜与氯霉素、巴比妥类（如苯巴比妥）等比用。3.如与其他药物同时使用可能会发生药物相互作用，详情请咨询医师或药师。,,对乙酰氨基酚能抑制前列腺素合成，有解热镇痛的作用；金刚烷胺可抗“亚-甲型”流感病毒，抑制病毒繁殖；咖啡因为中枢兴奋药，能增加对乙酰氨基酚的解热镇痛效果，并能减轻其他药物所致的嗜睡、头晕等中枢抑制作用；马来酸氯苯那敏为抗过敏药，能减轻流涕、鼻塞、打喷嚏等症状；人工牛黄具有解热、镇惊作用。上述诸药配伍制成复方，可增强解热、镇痛效果，解除或改善感冒所引起的各种症状。,12粒,密闭，在阴凉干燥处保存。,适用于缓解普通感冒及流行性感冒引起的发热、头痛、四肢酸痛、打喷嚏、流鼻涕、鼻塞、咽喉痛等症状。,复方氨酚烷胺片
19,,尚不明确,中药,常备用药,,12片*2板,腾药,腾药 感冒疏风片,,麻黄绒、桂枝、苦杏仁、白芍（酒炙）、防风、紫苏叶、独活、桔梗、谷芽（炒）、生姜（捣碎）、大枣(去核)、甘草。,36个月,1、忌烟、酒及辛辣、生冷、油腻食物。 2、不宜在服药期间同时服用滋补性中成药。 3、风热感冒者不适用，其表现为发热明显，汗出，口渴，咽喉肿痛，咳吐黄痰。 4、肝病、糖尿病、肾病等慢性病严重者应在医师指导下服用。 5、高血压、心脏病患者慎用。 6、服药三天后症状无改善，或症状加重，或出现新的严重症状如胸闷、心悸等应立即停药，并去医院就诊。 7、小儿、年老体弱者、孕妇应在医师指导下服用。 8、对本品过敏者禁用，过敏体质者慎用。 9、本品性状发生改变时禁止使用。 10、儿童必,11.00,云南腾药制药股份有限公司,口服，一次4片，一日2次。,尚不明确,,本品为棕黄色的片；味甜、苦、微酸涩。,如与其他药物同时使用可能会发生药物相互作用，详情请咨询医师或药师。,,,12片*2板,密封,辛温解表，宣肺和中。用于风寒感冒，发热咳嗽，头痛怕冷，鼻流清涕，骨节酸痛，四肢疲倦。,感冒疏风片
20,,推荐剂量下，未见明显不良反应。,中药,常备用药,,盒,太极,太极 藿香正气口服液,,苍术、陈皮、厚朴（姜制）、白芷、茯苓、大腹皮、生半夏、甘草浸膏、广藿香油、紫苏叶油,36个月,1.饮食宜清淡。2.不宜在服药期间同时服用滋补性中成药。3.有高血压、心脏病、肝病、糖尿病、肾病等慢性病严重者、孕妇或正在接受其它治疗的患者，均应在医师指导下服用。4.服药三天后症状未改善，或出现吐泻明显，并有其他严重症状时应去医院就诊。5.按照用法用量服用，小儿、年老体虚者应在医师指导下服用。6.长期服用应向医师咨询。7.药品性状发生改变时禁止服用。8.儿童必须在成人的监护下使用。9.请将此药品放在儿童不能接触的地方。10.如正在服用其他药品，使用本品前请咨询医师或药师。,17.00,太极集团重庆涪陵制药厂有限公司,口服，一次5～10ml，一日2次，用时摇匀,孕妇忌服。,0,本品为棕色的澄精液体；味辛、微甜。,如与其他药物同时使用可能会发生药物相互作用，详情请咨询医师或药师。,,0,10ml*10支,密封、,解表化湿，理气和中。用于外感风寒、内伤湿滞或夏伤暑湿所致的感冒，症见头痛昏重、胸膈痞闷、脘腹胀痛、呕吐泄泻；胃肠型感冒见上述证候者。,藿香正气口服液
21,,可见困倦、嗜睡、口渴、虚弱感；偶见皮疹、荨麻疹、药热及粒细胞减少；长期大量用药会导致肝肾功能异常。,中药,常备用药,,铝塑泡罩包装，(1)每盒12片，(2)每盒18片，(2)每盒24片。,德众,德众 维C银翘片(双层片),,金银花、连翘、荆芥、淡豆豉、淡竹叶、牛蒡子、桔梗、芦根、甘草、马来酸氯苯那敏、对乙酰氨基酚、维生素C、薄菏油。辅料为淀粉、微晶纤维素、硬脂酸、二氧化硅、硬脂酸镁、乳糖、麦芽糊精、薄膜包衣预混剂。,36个月。,1.忌烟、酒及辛辣、生冷、油腻食物。 2.不宜在服药期间同时服用滋补性中成药。 3.不适用于风寒感冒，表现为恶寒明显，无汗，头痛身酸，鼻塞流清涕。 4.心脏病、糖尿病等慢性病严重者应在医师指导下服用。 5.服药三天后症状无改善，或症状加重，或出现新的严重症状如胸闷、心悸等应立即停药，并去医院就诊。 6.儿童、年老体弱者应在医师指导下服用。 7.对本品过敏者禁用，过敏体质者慎用。 8.本品含马来酸氯苯那敏、对乙酰氨基酚、维生素C。服用本品期间不得饮酒或含有酒精的饮料；不能同时服用与本品成份相,5.90,佛山德众药业有限公司,口服，一次2片，一日3次。,严重肝肾功能不全者禁用。,,本品为薄膜衣片，除去包衣后显灰褐色层和白色层；气微，味微苦。,1.与其他解热镇痛药并用，有增加肾毒性的危险。 2.如与其他药物同时使用可能会发生药物相互作用，详情请咨询医师或药师,,,18片,密封，避光。,疏风解表，清热解毒。用于流行性感冒所致的发热、头痛、咳嗽、口干、咽喉疼痛。,维C银翘片
22,,在推荐的剂量下服药，无明显不良反应,中药,常备用药,,瓶,王老吉,王老吉 藿胆丸,,广藿香叶 4000g 猪胆粉 315g,24个月,1．忌烟酒、辛辣、鱼腥食物。2．不宜在服药期间同时服用滋补性中药。3．有高血压、心脏病、肝病、糖尿病、肾病等慢性病严重者应在医师指导下服用。4．儿童、孕妇、哺乳期妇女、年老体弱、脾虚便溏者应在医师指导下服用。5．服药3天症状无缓解，应去医院就诊。6．对本品过敏者禁用，过敏体质者慎用。7．本品性状发生改变时禁止使用。8．儿童必须在成人监护下使用。9．请将本品放在儿童不能接触的地方。10．如正在使用其他药品，使用本品前请咨询医师或药师。,9.50,广东王老吉药业股份有限公司,"口服。一次3～6g,一日2 次。",忌烟酒、辛辣、鱼腥食物。,,本品为黑色的水丸；气特异，味苦。,如与其他药物同时使用可能会发生药物相互作用，详情请咨询医师或药师。,,,36g,密封在干燥处保存,芳香化浊，清热通窍。用于湿浊内蕴、胆经郁火所致的鼻塞、流清涕或浊涕、前额头痛,藿胆丸
23,,偶见皮疹、荨麻疹、药热及粒细胞减少；可见困倦、嗜睡、口渴、虚弱感；长期大量用药会导致肝肾功能异常。,中药,常备用药,,,白云山,白云山 感冒灵颗粒,,三叉苦、金盏银盘、野菊花、岗梅、对乙酰氨基酚、马来酸氯苯那敏、咖啡因等。,24个月,1、忌烟、酒及辛辣、生冷、油腻食物。 2、不宜在服药期间同时服用滋补性中成药。 3、本品含对乙酰氨基酚、马来酸氯苯那敏、咖啡因。服用本品期间不得饮酒或含有酒精的饮料；不能同时服用与本品成份相似的其他抗感冒药；肝、肾功能不全者慎用；膀胱颈梗阻、甲状腺功能亢进、青光眼、高血压和前列腺肥大者慎用；孕妇及哺乳期妇女慎用；服药期间不得驾驶机、车、船、从事高空作业、机械作业及操作精密仪器。 4、脾胃虚寒，症见腹痛、喜暖泄泻者慎用。 5、糖尿病患者及有心脏病等慢性病严重者应在医师指导下服用。 6、儿童、年老体弱者应在医师指导下服用。 7、服药3天后症状无改善，或症状加重，或出现新的严重症状如胸闷、心悸等应立即停药，并去医院就诊。 8、对本品过敏者禁用，过敏优质者慎用。 9、本品性状发生改变时禁止使用。 10、儿童必须在成人监护下使用。 11、请将本品放在儿童不能接触的地方。 12、如正在使用其他药品，使用本品前请咨询医师或药师。,12.00,广州白云山制药股份有限公司/白云山何济公制药厂,开水冲服，一次10克，一日3次。,严重肝肾功能不全者禁用。,,本品为浅棕色至深棕色的颗粒，味甜、微苦。,1、与其他解热镇痛药并用，有增加肾毒性的危险。 2、与其他药物同时使用可能会发生药物相互作用，详情请咨询医师或药师。,,,10g*9袋/盒,密封,解热镇痛。用于感冒引起的头痛，发热，鼻塞，流涕，咽痛。,感冒灵颗粒
24,,尚不明确。,中药,常备用药,,玻璃瓶装，每瓶装8片，每盒10瓶。,同仁堂,同仁堂 京制牛黄解毒片,,黄连、黄柏、石膏、金银花、薄荷、桔梗、连翘、大黄、黄芩、栀子（姜炙）、菊花、荆芥穗、防风、旋覆花、白芷、川芎、蔓荆子(微炒)、蚕砂、甘草、人工牛黄、冰片。辅料为淀粉、硬脂酸镁。,36个月。,1. 忌烟、酒及辛辣、油腻食物。 2. 高血压、心脏病、肝病、糖尿病、肾病等慢性病患者应在医师指导下服用。 3. 服药后大便次数每日2到3次者，应减量；每日3次以上者，应停用并向医师咨询。 4. 服药三天后症状无改善，或加重者，应立即停药并去医院就诊。 5. 小儿、年老体弱及脾胃虚寒者慎用，若需使用，必须在医师指导下使用。 6. 对本品过敏者禁用，过敏体质者慎用。 7. 本品性状发生改变时禁止使用。 8. 儿童必须在成人监护下使用。 9. 请将本品放在儿童不能接触的地方。 10. 如正在,29.00,北京同仁堂科技发展股份有限公司制药厂,口服。一次2片，一日2次。,孕妇忌服。,,本品为素片，显棕黄色；有冰片香气，味苦凉。,如与其他药物同时使用可能会发生药物相互作用，详情请咨询医师或药师。,,,8片*10瓶,密封。,清热解毒，散风止痛。用于肺胃蕴热引起：头目眩晕，口鼻生疮，风火牙痛，暴发火眼，咽喉疼痛，耳鸣肿痛，大便秘结，皮肤刺痒。,京制牛黄解毒片
25,,可见困倦、嗜睡、口渴、虚弱感；偶见皮疹、荨麻疹、药热及粒细胞减少；长期大量用药会导致肝肾功能异常。有时有轻度头晕、乏力、嗜睡、恶心、上腹不适、口干、食欲缺乏和皮疹等，停药后可自行恢复。,中药,常备用药,,铝塑包装，2*12粒/板/盒。,百灵鸟,百灵鸟 金感胶囊,,金银花、穿心莲、板蓝根、蒲公英、对乙酰氨基酚、盐酸金刚烷氨、马来酸氯苯那敏。,24个月。,1、忌烟、酒及辛辣、生冷、油腻食物。 　　2、不宜在服药期间同时服用滋补性中药。 　　3、风寒感冒者不适用。 　　4、本品含对乙酰氨基酚、盐酸金刚烷胺、马来酸氯苯那敏。服用本品期间不得饮酒或含有酒精的饮料；不能同时服用与本品成份相似的其他抗感冒药；肝、肾功能不全者慎用；膀胱颈梗阻、甲状腺功能亢进、青光眼、高血压和前列腺肥大者慎用；脑血管病史、精神病史或癫痫病史患者慎用；孕妇及哺乳期妇女慎用；服药期间不得驾驶机、车、船、从事高空作业、机械作业及操作精密仪器。 　　5、有心脏病、糖尿病等慢性病严重者应在医师指,13.00,贵州百灵企业集团天台山药业有限公司,一次2粒，一日2-3次。,严重肝肾功能不全者禁用。,,本品为胶囊剂，内容物为棕黄色至棕褐色的颗粒及粉末；气微，味苦。,1、与其他解热镇痛药并用，有增加肾毒性的危险。 　2、如与其他药物同时使用可能会发生药物相互作用，详情请咨询医师或药师。,,,0.45g*12粒*2板,密封。,清热解毒，疏风解表。用于普通感冒、流行性感冒，外感风热证，症见发热，头痛，鼻塞、流涕、咳嗽、咽痛。,金感胶囊
26,,,中药,常备用药,,,奇康,奇康 寒喘祖帕颗粒,,小茴香、芹菜子、神香草、玫瑰花、芸香草、荨麻子、铁线蕨、葫芦巴、甘草浸膏。,24个月,,35.00,新疆奇康哈博维药有限公司,口服。一次12g，一日2次。,,,,如与其他药物同时使用可能会发生药物相互作用，详情请咨询医师或药师。,,,6g*6袋,密封。,镇咳，化痰，温肺止喘。用于急性感冒，寒性乃孜来所致的咳嗽及异常粘液质性哮喘。,寒喘祖帕颗粒
27,,尚不明确。,中药,常备用药,,,海尔思,海尔思 板蓝根颗粒,,板蓝根、辅料为蔗糖、糊精。,24个月。,1.忌烟酒、辛辣、鱼腥食物。 2.不宜在服药期间同时服用滋补性中药。 3.糖尿病患者及有高血压、心脏病、肝病、肾病等慢性病严重者应在医师指导下服用。 4.儿童、孕妇、哺乳期妇女、年老体弱、脾虚便溏者应在医师指导下服用。 5.扁桃体有化脓或发热体温超过38.5℃的患者应去医院就诊。 6.服药3天症状无缓解，应去医院就诊。 7.对本品过敏者禁用，过敏体质者慎用。 8.本品性状发生改变时禁止使用。 9.儿童必须在成人监护下使用。 10.请将本品放在儿童不能接触的地方。 11.如正在使用其他药品，使用本品前请咨询医师或药师。,10.80,江西海尔思药业股份有限公司,开水冲服。一次5～10克，一日3～4次。,尚不明确。,,本品为棕色或棕褐色的颗粒；味甜、微苦。,如与其他药物同时使用可能会发生药物相互作用，详情请咨询医师或药师。,,,10g*20袋,密闭，置阴凉干燥处。,清热解毒，凉血利咽。用于肺胃热盛所致的咽喉肿痛、口咽干燥；急性扁桃体炎见上述证候者。,板蓝根颗粒
28,,尚不明确。,中药,新药特药,,铝塑包装，24粒/盒。,以岭,以岭 连花清瘟胶囊,,连翘、金银花、炙麻黄、炒苦杏仁、石膏、板蓝根、绵马贯众、鱼腥草、广藿香、大黄、红景天、薄荷脑、甘草。,24个月。,1.忌烟、酒及辛辣、生冷、油腻食物。2.不宜在服药期间同时服用滋补性中药。3.风寒感冒者不适用。4.高血压、心脏病患者慎用。有肝病、糖尿病、肾病等慢性病严重者应在医师指导下服用。5.儿童、孕妇、哺乳期妇女、年老体弱及脾虚便溏者应在医师指导下服用。6.发热体温超过38.5℃的患者，应去医院就诊。7.严格按用法用量服用，本品不宜长期服用。8.服药3天症状无缓解，应去医院就诊。9.对本品过敏者禁用，过敏体质者慎用。 10.本品性状发生改变时禁止使用。11.儿童必须在成人监护下使用。12.请将本品放在儿童不能接触,13.30,石家庄以岭药业股份有限公司,口服。一次4粒，一日3次。,尚不明确。,,本品为胶囊剂，内容物为棕黄色至黄褐色颗粒，味微苦，气微香。,如与其他药物同时使用可能会发生药物相互作用，详情请咨询医师或药师。,,,0.35g*24粒,密封，置阴凉干燥处（不超过20℃）。,清瘟解毒，宣肺泄热。用于治疗流行性感冒属热毒袭肺证，症见：发热或高热，恶寒，肌肉酸痛，鼻塞流涕，咳嗽，头痛，咽干咽痛，舌偏红，苔黄或黄腻等。,连花清瘟胶囊
29,,1.较常见的有恶心、呕吐、上腹部不适或疼痛等胃肠道反应。2.较少见或罕见的有①胃肠道出血或溃疡，多见于大剂量服用本品的患者；②过敏性支气管哮喘；③皮疹、荨麻疹、皮肤瘙痒等；④血尿、眩晕和肝脏损害。,西药,常备用药,,100袋/盒。,白云山,何济公 阿咖酚散(解热止痛散),,本品为复方制剂，每包含阿司匹林230毫克，对乙酰氨基酚126毫克，咖啡因30毫克。,24个月。,1.本品为对症治疗药，用于解热连续使用不超过3天，用于止痛不超过5天，症状未缓解请咨询医师或药师。2.　痛风、心功能不全、鼻出血、月经过多以及有溶血性贫血史者慎用。3.肝、肾功能不全者慎用。4.　不能同时服用其他含有解热镇痛药的药品（如某些复方抗感冒药）。5.服用本品期间不得饮酒或含有酒精的饮料。6.如服用过量或出现严重不良反应，应立即就医。7.对本品过敏者禁用，过敏体质者慎用。8.本品性状发生改变时禁止使用。9.请将本品放在儿童不能接触的地方。10.如正在使用其他药品，使用本品前请咨询医师或药师。,13.00,广州白云山制药股份有限公司/白云山何济公制药厂,口服。成人一次1包，若持续发热或疼痛，可间隔4-6小时重复用药一次，24小时内不超过4次。,1.孕妇、哺乳期妇女禁用。2.喘息、鼻息肉综合征、对阿司匹林及其他解热镇痛药过敏者禁用3.血友病或血小板减少症患者禁用。4.活动性出血性疾病患者禁用。5.严重肝肾功能不全者禁用。,尚不明确。,本品为白色或类白色粉末；味微酸苦；遇湿气易变质。,1.不宜与抗凝药（如双香豆素、肝素）同用。2.本品与皮质激素类同用，可增加胃肠道不良反应。3.本品不宜与氯霉素、巴比妥类、颠茄类药物同服。4.如与其他药物同时使用可能会发生药物相互作用，详情请咨询医师或药师。,,本品中阿司匹林及对乙酰氨基酚均能抑制前列腺素合成，具有解热镇痛作用；咖啡因为中枢兴奋药，能增强上列药物的解热镇痛作用。,100包,密封，遮光，在干燥处保存。,用于普通感冒或流行性感冒引起的发热，也用于缓解轻至中度疼痛如头痛、关节痛、偏头痛、牙痛、肌肉痛、神经痛、痛经。,阿咖酚散
30,,偶见皮疹、恶心、胃部不适、食欲缺乏、腹痛、腹泻。,西药,常备用药,,120ml,易坦静,易坦静 盐酸氨溴索口服溶液,尚不明确。,本品每毫升含盐酸氨溴索3毫克。,24个月,1.孕妇、哺乳期妇女慎用。 2.儿童用量请咨询医师或药师。 3.应避免与中枢性镇咳药（如右美沙芬等）同时使用，以免稀化的痰液堵塞气道。 4.本品为一种粘液调节剂，仅对咯痰症状有一定作用，在使用时应注意咳嗽、咯痰的原因，如使用7日后未见好转，应及时就医。 5.如服用过量或发生严重不良反应时应立即就医。 6.对本品过敏者禁用，过敏体质者慎用。 7.本品性状发生改变时禁止使用。 8.请将本品放在儿童不能接触的地方。 9.儿童必须在成人监护下使用。 10.如正在使用其他药品，使用本品前请咨询医师,25.00,北京韩美药品有限公司,"本品最好在进餐时间服用，成人及12岁以上的儿童:每次10ml，一日2次。 12岁以下的儿童： 6-12岁儿童:每次5ml,一日2-3次； 2-6岁儿童:每次2.5ml，一日3次； 1-2岁儿童:每次2.5ml，一日2次。",对盐酸氨溴索或配方中其它任何成分过敏者禁用。,尚不明确。,本品为无色澄清液体，味甜。,1.本品与抗生素（阿莫西林、头孢呋新、红霉素、强力霉素）同时服用，可导致抗生素在肺组织浓度升高。 2.如与其他药物同时使用可能发生药物相互作用，详情请咨询医师或药师。,,本品为粘液溶解剂，能增加呼吸道黏膜浆液腺的分泌，减少粘液腺分泌，从而降低痰液粘度，促进肺表面活性物质的分泌，增加支气管纤毛运动，使痰液易于咳出。,120ml,密封。,适用于痰液粘稠不易咳出者。,盐酸氨溴索口服溶液
31,,偶见皮疹、荨麻疹、药热及粒细胞减少。长期大量用药会导致肝肾功能异常。,西药,常备用药,,药用PVC硬片，药品包装用PTP铝箔，12片/板/盒。,倍乐信,倍乐信 对乙酰氨基酚缓释片,,本品每片含主要成份对乙酰氨基酚0.65克。,36个月。,1、不推荐12岁以下儿童使用本品。2、应整片服用，不得碾碎或溶解后服用。3、本品对症治疗药，用于解热连续使用不超过3天，用于止痛不超过5天，症状未缓解请咨询医师或药师。4、对阿司匹林过敏者慎用。5、不能同时服用其他含有解热镇痛药的药品(如某些复方抗感冒药）。6、肝肾功能不全者慎用。7、孕妇及哺乳期妇女慎用。8、服用本品期间不得饮酒或含有酒精的饮料。9、对本品过敏者禁用，过敏体质者慎用。10、本品性状发生改变时禁止使用。11、请将本品放在儿童不能接触的地方。12、如正在使用其他药品，使用本品请咨询医师或药师,9.70,成都恒瑞有限公司,口服。成人一次1～2片，12～18岁儿童一次1片，若持续发热或疼痛，每8小时一次，24小时不超过3次。,肝、肾功能不全者禁用。,尚不明确。,本品为薄膜衣片或薄膜衣异型片，除去包衣后显白色或类白色。,1、应用巴比妥类（如苯巴比妥）或解痉药(如颠茄）的患者，长期应用本品可致肝损害。2、本品与氯霉素同服，可增强后者的毒性。3、如与其他药物同时使用可能会发生药物相互作用，详情请咨询医师或药师。,,本品能抑制前列腺素合成，具有解热镇痛作用。本品由速释层和缓释层两部分组成，口服后速释层中对乙酰氨基酚迅速溶出而被吸收，产生解热止痛作用，缓释层则缓慢释放对乙酰氨基酚，使作用持续8小时之久。,0.65g*12片,密封，在阴凉（不超过20℃）干燥处保存。,用于普通感冒或流行性感冒引起的发热，也用于缓解轻至中度疼痛如头痛、关节痛、偏头痛、牙痛、肌肉痛、神经痛、痛经。,对乙酰氨基酚缓释片
32,,尚未明确。,中药,常备用药,,铝复合膜，每袋装10克，每盒装10袋。,建新,建新 小柴胡颗粒,,柴胡、黄芩、半夏（姜制）、党参、生姜、甘草、大枣。辅料为：蔗糖。,24个月。,1、用药期间，不宜驾驶车辆、管理机器及高空作业等。 2、不宜大量或长期用药，以防引起造血系统和肝、肾脏损害。 3、服用本品时饮酒，会增加本品的不妆反应。 4、交叉过敏反应：少数对阿司匹林过敏发生哮喘的病人，服用本品后可能发生轻度支气管痉挛性反应。 5、对实验室检查的干扰：用葡萄糖氧化酶/过氧化酶法测定血糖可得假性低值；用磷钨酸法反应。尿酸可得假性高值；用亚硝酸萘酚试剂对尿5-羟吲哚醋酸作定性过筛试验可得假阳性结果，定量不受影响；应用一次大剂量或长期应用小剂量，可使凝血酶原时间 、血清胆红素、血清乳酸脱氢酶,13.80,江西汪氏药业有限公司,开水冲服，一次1-2袋，一日3次。,尚未明确。,,本品为黄色至棕褐色的颗粒，味甜。,如与其他药物同时使用可能会发生药物相互作用，详情请咨询医师或药师。,,,10g*10袋,密封。,解表散热，疏肝和胃。用于外感病，邪犯少阳证，症见：寒热往来、胸胁苦满、食欲不振、心烦喜呕、口苦咽干。,小柴胡颗粒
33,,,西药,常备用药,,,长春海外,今来芬必得 布洛芬缓释胶囊,,每粒含布洛芬0.3G。,两年,1. 本品为对症治疗药，不宜长期或大量使用，用于止痛不得超过5天，用于解热不得超过3天，如症状不缓解，请咨询医师或药师。 2. 必须整粒吞服，不得打开或溶解后服用。 3. 不能同时服用其他含有解热镇痛药的药(如某些复方抗感冒药)。 4. 服用本品期间不得饮酒或含有酒精的饮料。 5. 有下列情况患者慎用：60岁以上、支气管哮喘、肝肾功能不全、凝血机制或血小板功能障碍(如血友病)。 6. 下列情况患者应在医师指导下使用：有消化性溃疡史、胃肠道出血、心功能不全、高血压。 7. 如服用过量或出现严重不良反应，应立,9.90,长春海外制药集团有限公司,口服，成人，一次1粒，一日两次（早晚各一次）,1. 对其他非甾体抗炎药过敏者禁用。 2. 孕妇及哺乳期妇女禁用。 3. 对阿司匹林过敏的哮喘患者禁用。,,,,,,0.3g*20粒/盒,,用于缓解轻至中度疼痛如头痛、关节痛、偏头痛、牙痛、肌肉痛、神经痛、痛经。也用于普通感冒或流行性感冒引起的发热。,布洛芬缓释胶囊
34,,偶见皮疹、荨麻疹、药热及粒细胞减少；可见困倦、嗜睡、口渴、虚弱感；长期大量用药会导致肝肾功能异常。,中药,常备用药,,复合膜；每盒装9袋。,白云山,白云山 感冒灵颗粒,,三叉苦、金盏银盘、野菊花、岗梅、咖啡因、对乙酰氨基酚、马来酸氯苯那敏、薄荷油。辅料为蔗糖粉。,24 月,1、忌烟、酒及辛辣、生冷、油腻食物。 2、不宜在服药期间同时服用滋补性中成药。 3、本品含对乙酰氨基酚、马来酸氯苯那敏、咖啡因。服用本品期间不得饮酒或含有酒精的饮料；不能同时服用与本品成份相似的其他抗感冒药；肝、肾功能不全者慎用；膀胱颈梗阻、甲状腺功能亢进、青光眼、高血压和前列腺肥大者慎用；孕妇及哺乳期妇女慎用；服药期间不得驾驶机、车、船、从事高空作业、机械作业及操作精密仪器。 4、脾胃虚寒，症见腹痛、喜暖泄泻者慎用。 5、糖尿病患者及有心脏病等慢性病严重者应在医师指导下服用。 6、儿童、年老体,16.00,广州白云山和记黄埔中药有限公司,开水冲服，1次10克（1袋），一日3次。,严重肝肾功能不全者禁用。,,本品为浅棕色至深棕色颗粒；味甜、微苦。,1、与其他解热镇痛药并用，有增加肾毒性的危险。 2、与其他药物同时使用可能会发生药物相互作用，详情请咨询医师或药师。,,,10g*9袋,密封。,辛凉解表，清热解毒。用于风热感冒及温病之发热，微恶风寒，头身痛，口干而渴，鼻塞涕浊，咽喉红肿疼痛，咳嗽，痰黄粘稠。,感冒灵颗粒
35,,1少数病人可出现恶心、呕吐、胃烧灼感或轻度消化不良、胃肠道溃疡及出血、转氨酶升高、头痛、头晕、耳鸣、视力模糊、精神紧张、嗜睡、下肢水肿或体重骤增。 2罕见皮疹、过敏性肾炎、膀胱炎、肾病综合征、肾乳头坏死或肾功能衰竭、支气管痉挛。,西药,常备用药,,0.3g*14粒/盒,润都,润都 布洛芬缓释胶囊,,本品每粒含主要成份布洛芬0.3克。辅料为:糖、淀粉、硬脂酸、聚乙烯吡咯烷酮。,24个月,1本品为对症治疗药，不宜长期或大量使用，用于止痛不得超过5天，用于解热不得超过3天，如症状不缓解，请咨询医师或药师。　　 2必须整粒吞服，不得打开或溶解后服用。　　 3不能同时服用其他含有解热镇痛药的药品(如某些复方抗感冒药)。　　 4服用本品期间不得饮酒或含有酒精的饮料。　　 5有下列情况患者慎用：60岁以上、支气管哮喘、肝肾功能不全、凝血机制或血小板功能障碍(如血友病)。　　 6下列情况患者应在医师指导下使用：有消化性溃疡史、胃肠道出血、心功能不全、高血压。　　 7如服用过量或出现严重不良,11.30,珠海润都制药股份有限公司,口服。成人，一次1粒，一日2次（早晚各一次）。,1对其他非甾体抗炎药过敏者禁用。 2孕妇及哺乳期妇女禁用。 3对阿司匹林过敏的哮喘患者禁用。,,本品内容物为白色球体小丸,1本品与其他解热、镇痛、抗炎药物同用时可增加胃肠道不良反应，并可能导致溃疡。 2本品与肝素、双香豆素等抗凝药同用时，可导致凝血酶原时间延长，增加出血倾向。 3本品与地高辛、甲氨蝶呤、口服降血糖药物同用时，能使这些药物的血药浓度增高，不宜同用。 4本品与呋塞米（呋喃苯胺酸）同用时，后者的排钠和降压作用减弱；与抗高血压药同用时，也降低后者的降压效果。 5如与其他药物同时使用可能会发生药物相互作用，详情请咨询医师或药师。,,本品能抑制前列腺素的合成，具有镇痛、解热和抗炎的作用。且为缓释剂型，可使药物在体内逐渐释放。每服用一次，可持续12小时止痛。,0.3g*14粒,密封（10°-30°）保存,用于缓解轻至中度疼痛如头痛、关节痛、偏头痛、牙痛、肌肉痛、神经痛、痛经。也用于普通感冒或流行性感冒引起的发热。,布洛芬缓释胶囊
36,,1、较常见的有恶心、呕吐、上腹部不适或疼痛等胃肠道反应。2、较少见或罕见的有：①胃肠道出血或溃疡，多见于大剂量服用本品的患者；②过敏性支气管哮喘；③皮疹、荨麻疹、皮肤瘙痒等；④血尿、眩晕和肝脏损害。,西药,常备用药,,纸袋，纸盒包装，每盒100包。,特一,特一 阿咖酚散,,本品为复方制剂，每包含阿司匹林230毫克，对乙酰氨基酚126毫克，咖啡因30毫克。,24个月。,1、本品为对症治疗药，用于解热连续使用不超过3天，用于止痛不超过5天，症状未缓解请咨询医师或药师。2、痛风、心功能不全、鼻出血、月经过多以及有溶血性贫血史者慎用。3、肝、肾功能不全者慎用。4、不能同时服用其他含有解热镇痛药的药品（如某些复方抗感冒药）。5、服用本品期间不得饮酒或含有酒精的饮料。6、如服用过量或出现严重不良反应，应立即就医。7、对本品过敏者禁用，过敏体质者慎用。8、本品性状发生改变时禁止使用。9、请将本品放在儿童不能接触的地方。10、如正在使用其他药品，使用本品前请咨询医师或药师。,7.00,特一药业集团股份有限公司,口服。成人一次1包，若持续发热或疼痛，可间隔4-6小时重复用药一次，24小时内不超过4次。,1、孕妇、哺乳期妇女禁用。2、喘息、鼻息肉综合征、对阿司匹林及其他解热镇痛药过敏者禁用。3、血友病或血小板减少症患者禁用。4、活动性出血性疾病患者禁用。5、严重肝肾功能不全者禁用。,,本品为白色或类白色粉末；味微酸苦；遇湿气易变质。,1、不宜与抗凝药（如双香豆素、肝素）同用。2、本品与皮质激素类同用，可增加胃肠道不良反应。3、本品不宜与氯霉素、巴比妥类、颠茄类药物同服。4、如与其他药物同时使用可能会发生药物相互作用，详情请咨询医师或药师。,,,100包,密封，遮光，在干燥处保存。,用于普通感冒或流行性感冒引起的发热，也用于缓解轻至中度疼痛如头痛、关节痛、偏头痛、牙痛、肌肉痛、神经痛、痛经。,阿咖酚散
37,,尚不明确。,中药,常备用药,,20瓶/盒。,王老吉,王老吉 保济丸,,钩藤、菊花、蒺藜、厚朴、木香、苍术、天花粉、广藿香、葛根、化橘红、白芷、薏苡仁、稻芽、薄荷、茯苓、广东神曲。,24个月。,1、忌烟、酒及辛辣、生冷、油腻食物。2、不宜在服药期间同时服用滋补性中药。3、外感燥热者不宜服用。4、有高血压、心脏病、肝病、糖尿病、肾病等慢性病严重者应在医师指导下服用。5、儿童、孕妇、哺乳期妇女、年老体弱者应在医师指导下服用。6、发热体温超过38.5℃的患者，应去医院就诊。7、吐泻严重者应及时去医院就诊。8、服药3天症状无缓解，应去医院就诊。9、对本品过敏者禁用，过敏体质者慎用。10、本品性状发生改变时禁止使用。11、儿童必须在成人监护下使用。12、请将本品放在儿童不能接触的地方。13、如正在使用其他,11.00,广州王老吉药业股份有限公司,口服。一次1.85-3.7克，一日3次。,尚不明确。,,本品为朱红色的水丸；气芳香，味微苦、辛。,如与其他药物同时使用可能会发生药物相互作用，详情请咨询医师或药师。,,,3.7g*20瓶,密闭，防潮。,解表，祛湿，和中。用于暑湿感冒，症见发热头痛、腹痛腹泻、恶心呕吐、肠胃不适；亦可用于晕车晕船。,保济丸
38,,尚不明确。,中药,常备用药,,,横峰,横峰 强力枇杷露,,枇杷叶、罂粟壳、百部、白前、桑白皮、桔梗、薄脑。辅料为蔗糖、枸橼酸、苯甲酸钠、杏仁香精。,24个月,1、运动员慎用；运动员应在医师指导下使用。2、忌烟、酒及辛辣、生冷、油腻食物。3、不宜在服药期间同时服用滋补性中药。4、有支气管扩张、肺脓疡、肺心病、肺结核患者出现咳嗽时应去医院就诊。5、本品不宜长期服用，服药3天症状无缓解，应去医院就诊。6、严格按用法用量服用，年老体弱者应在医师指导下服用。7、对本品过敏者禁用，过敏体质者慎用。8、本品性状发生改变时禁止使用。9、请将本品放在儿童不能接触的地方。10、如正在使用其他药品，使用本品前请咨询医师或药师。,8.00,江西盛翔制药有限公司,口服。一次15毫升，一日3次。,儿童、孕妇、哺乳期妇女禁用；糖尿病患者禁服。,,本品为淡棕色澄清液体；气香，昧甜。,,,,150ml/瓶,密封，置阴凉处(不超过20℃)。,养阴敛肺，止咳祛痰。用于支气管炎咳嗽。,强力枇杷露
39,,,中药,常备用药,,,颐圣,颐圣 养阴清肺颗粒,,地黄、玄参、麦冬、川贝母、牡丹皮、白芍、薄荷、甘草。,36个月,1.忌烟、酒及辛辣食物。 2.痰湿壅盛患者不宜服用，其表现为痰多粘稠，或稠厚成块。 3.风寒咳嗽者不宜服用，其表现为咳嗽声重，鼻塞流清涕。 4.有支气管扩张、肺脓疡、肺心病的患者及孕妇，应在医师指导下服用。 糖尿病患者服用前应向医师咨询。 5.服用三天，症状无改善，应去医院就诊。 6.按照用法用量服用，小儿、年老体虚者应在医师指导下服用。 7.长期服用应向医师咨询。 8.药品性状发生改变时禁止服用。 9.儿童必须在成人的监护下使用。 10.请将此药品放在儿童不能接触的地方。 11.如,22.00,山西黄河中药有限公司,口服，一次1袋，一日2次。,,,本品为浅黑色的颗粒；气香，味甜、微苦凉。,,,,15g*6袋,密封。,养阴润肺，清热利咽。用于咽喉干燥疼痛，干咳、少痰或无痰。,养阴清肺颗粒
40,,尚不明确。,中药,常备用药,,65g/包。,六棉牌,六棉牌 石岐外感茶,,岗梅、铁包金、薄桃、臭屎茉莉、露兜簕。,24个月。,1、忌烟、酒及辛辣、生冷、油腻食物。 2、不宜在服药期间同时服用滋补性中成药。 3、风寒感冒者不适用，其表现为恶寒重，发热轻，无汗，头痛，鼻塞，流清涕，喉痒咳嗽。 4、高血压、心脏病、肝病、糖尿病、肾病等慢性病严重者应在医师指导下服用5、服药三天后症状无改善，或症状加重，或出现新的严重症状如胸闷、心悸等应立即停药，并去医院就诊。 6、小儿、年老体弱者、孕妇应在医师指导下服用。 7、对本品过敏者禁用，过敏体质者慎用。 8、药品性状发生改变时勿用。,6.00,中山恒生药业有限公司,加白米约3克煎服，一次1～2包，一日1次。,尚不明确。,,本品为茶剂，水煎液显黄棕色至红棕色；气稍香，味甘、微苦，凉。,如与其他药物同时使用可能会发生药物相互作用，详情请咨询医师或药师。,,,65g,密闭，防潮。,疏风清热，解暑消食。用于外感引起的发热头痛，咳嗽，骨痛，食滞饱胀，喉干舌燥，预防流行性感冒。,石岐外感茶
41,,不良反应较少，对胃肠刺激小，不引起胃出血，偶见皮疹、荨麻疹、药热、血小板减少症及白血球减少等不良反应，长期大量用药有可能导致肝、肾功能异常。,西药,常备用药,,100粒/瓶。,特一,特一 对乙酰氨基酚片,,本品每片含主要成份对乙酰氨基酚0．5克。,24个月。,1、本品为对症治疗药，用于解热，连续使用不得超过3天，用于止痛不得超过5天，症状不缓解请咨询医师或药师。2、对本品过敏者禁用。对阿司匹林过敏者，一般对本品不发生过敏反应，但有报告，在因阿司匹林过敏而发生喘息的病人中，少数服用本品后发生轻度支气管痉挛。3、不能同时服用含有本品及其他解热镇痛药的制剂。4、对孕妇应考虑可能对胎儿造成的不良影响而慎用。5、肝肾功能不全者应慎用。6.勿过量服药，如服药过量或有严重不艮反应时应立即就医。 如若过量服药则有可能严重影响肝脏、症状有可能在3天以后才会出现，若在过量服药10,4.00,特一药业集团股份有限公司,口服。成人一次1片，若持续高热或疼痛，可间隔4-6小时重复用药一次，24小时内不得超过4片。,尚未明确。,,本品为白色片。,1、应用巴比妥类(如苯巴比妥)或解痉药(如颠茄)的患者，长期使用本品时可致 肝脏损害。2、本品与氯霉素同用时可增强后者的毒性。3、如正在服用其它药品，使用本品前请咨询医师或药师。,,,0.3g*100片,密封保存。,用于缓解轻中度疼痛如头痛、偏头痛、关节痛、肌肉痛、痛经、牙痛、神经痛，也用于普通感冒或流行性感冒引起的发热。,对乙酰氨基酚片
42,,尚不明确。,中药,常备用药,,塑料瓶，每瓶5毫升，每盒10瓶。,南国,南国 十滴水,,樟脑、干姜、大黄、小茴香、肉桂、辣椒、桉油。,24个月。,1、饮食宜清淡，忌酒及辛辣、生冷、油腻食物。 2、不宜在服药期间同时服用滋补性中药。 3、有高血压、心脏病、肝病、糖尿病、肾病等慢性病严重者应在医师指导下服用。 4、儿童、哺乳期妇女、年老体弱者应在医师指导下服用。 5、驾驶员、高空作业者慎用。 6、严格按用法用量服用，本品不宜长期服用。 7、服药3天症状无缓解，应去医院就诊。 8、对本品及酒精过敏者禁用，过敏体质者慎用。 9、本品性状发生改变时禁止使用。 10、儿童必须在成年人监护下使用。 11、请将本品放在儿童不能接触的地方。 12、如正在使用其他药品,3.50,广东南国药业有限公司,口服，一次2-5毫升，儿童酌减。,孕妇忌服。,,本品为棕红色至棕褐色的澄清液体，气芳香，味辛辣。,详见说明书。,,,5ml*10瓶,密封，遮光。,能健胃，祛暑。用于因中暑而引起的头晕、恶心、腹痛、胃肠不适。,十滴水
43,,尚不明确。,中药,常备用药,,0.35g*12粒*2板/盒。,云丰,云丰 伤风停胶囊,,麻黄、荆芥、白芷、苍术(炒) 、陈皮、甘草。,36个月。,1.忌烟、酒及辛辣、生冷、油腻食物。 2.不宜在服药期间同时服用滋补性中成药。 3.风热感冒者不适用，其表现为发热明显，汗出，口渴，咽喉肿痛，咳吐黄痰。 4.肝病、糖尿病、肾病等慢性病严重者应在医师指导下服用。 5.高血压、心脏病患者慎用。 6.服药三天后症状无改善，或症状加重，或出现新的严重症状如胸闷、心悸等应立即停药，并去医院就诊。 7.小儿、年老体弱者、孕妇应在医师指导下服用。 8.对伤风停胶囊过敏者禁用，过敏体质者慎用。 9.药品性状发生改变时禁止服用。 10.儿童必须在成人监护,18.00,云南白药集团股份有限公司,口服，一次3粒，一日3次。,尚不明确。,,伤风停胶囊为胶囊剂，内容物为棕黄色至棕褐色的颗粒；气微清香，味甜、微苦。,未进行该项试验且无可靠参考文献。如与其他药物同时使用可能会发生药物相互作用，详情请咨询医师或药师。,,,0.35g*12粒*2板,密封。,发散风寒。用于外感风寒，恶寒发热，头痛，鼻塞，鼻流清涕，肢体酸重，喉痒咳嗽，咳嗽痰清稀，舌质淡红，苔薄白，脉浮紧；及上呼吸道感染，感冒鼻炎等见上述症候者。,伤风停胶囊
44,,"1.少数病人可出现恶心、呕吐、胃烧灼感或轻度消化不良、胃肠道溃疡及出血、转氨酶升高、头痛、头晕、耳鸣、视力模糊、精神紧张、嗜睡、下肢水肿或体重骤增。 2.罕见皮疹、过敏性肾炎、膀胱炎、肾病综合征、肾乳头坏死或肾功能衰竭、支气管痉挛。（支气管痉挛是一般见于呼吸科的疾病，主要是支管炎等的疾病。吸烟诱发哮喘,主要决定于烟中所含的焦油、尼古丁和氰氢酸等多种有害成分。尼古丁等可作用于植物神经,可刺激迷走神经而引起支气管痉挛。焦油可引起支气管粘膜上皮的增生和变异。氰氢酸损害支气管粘膜上皮细胞及其纤毛,使支气管粘膜分",西药,常备用药,,,芬必得,芬必得 布洛芬缓释胶囊,,,两年。,1.本品为对症治疗药，不宜长期或大量使用，用于止痛不得超过5天，用于解热不得超过3天，如症状不缓解，请咨询医师或药师。 2.必须整粒吞服，不得打开或溶解后服用。 3.不能同时服用其他含有解热镇痛药的药品（如某些复方抗感冒药）。 4.服用本品期间不得饮酒或含有酒精的饮料。 5.有下列情况患者慎用：60岁以上、支气管哮喘、肝肾功能不全、凝血机制或血小板功能障碍（如血友病）。 6.下列情况患者应在医师指导下使用：有消化性溃疡史、胃肠道出血、心功能不全、高血压。 7.如服用过量或出现严重不良反应，应立,24.50,中美天津史克制药有限公司,口服，成人及12岁以上儿童：一日2次（早、晚各1次），一次1粒，或遵医嘱。,1.对其他非甾体抗炎药过敏者禁用。 2.孕妇及哺乳期妇女禁用。 3.对阿司匹林过敏的哮喘患者禁用。,,本品为缓释胶囊.,1.本品与其他解热、镇痛、抗炎药物同用时可增加胃肠道不良反应，并可能导致溃疡。 2.本品与肝素、双香豆素等抗凝药同用时，可导致凝血酶原时间延长，增加出血倾向。 3.本品与地高辛、甲氨蝶呤、口服降血糖药物同用时，能使这些药物的血药浓度增高，不宜同用。 4.本品与呋塞米（呋喃苯胺酸）同用时，后者的排钠和降压作用减弱；与抗高血压药同用时，也降低后者的降压效果。 5.如与其他药物同时使用可能会发生药物相互作用，详情请咨询医师或药师。,,本品能抑制前列腺素的合成，具有镇痛、解热和抗炎的作用。且为缓释剂型，可使药物在体内逐渐释放。每服用一次，可持续12小时止痛。,0.4g*24粒/盒,密封。,用于缓解轻至中度疼痛如头痛、关节痛、偏头痛、牙痛、肌肉痛、神经痛、痛经。也用于普通感冒或流行性感冒引起的发热。,布洛芬缓释胶囊
45,,尚不明确。,中药,常备用药,,3ml/支。,金牌,金牌 风油精(进),,薄荷脑25%、桉叶油3%、冬青油20%、樟脑3%、香雪精14%，辅料为液状石蜡35%。,36个月。,1.本品为外用药，禁止内服。 2.使用本品时切勿触及眼睛、口腔等黏膜，皮肤破损处忌用。　 3.儿童、孕妇及年老体弱者慎用。 4.涂布部位如有明显灼热感或瘙痒、局部红肿等情况，应停止用药，洗净，必要时向医师咨询。 5.对本品过敏者禁用，过敏体质者慎用。 6.本品性状发生改变时禁止使用。 7.儿童必须在成人监护下使用。 8.请将本品放在儿童不能接触的地方。 9.如正在使用其他药品，使用本品前请咨询医师或药师。,5.00,梁介福药业私人有限公司,外用少量，涂擦患处。,1.本品为外用药，禁止内服。 2.眼睛、口腔、皮肤破损处忌用。,详见说明书。,本品为绿色澄清油状液体，气清香。,如与其他药物同时使用可能会发生药物相互作用，详情请咨询医师或药师。,,详见说明书。,3ml,密闭，置于儿童不易触及的地方。,祛风止痛，芳香通窍，止痒消肿。用于伤风感冒，鼻塞头痛，舟车晕浪，跌打扭伤，肌肉酸痛，蚊虫叮咬。,风油精
46,,尚不明确。,中药,常备用药,,10ml*12支/盒。,香雪,香雪 抗病毒口服液,,板蓝根、石膏、芦根、生地、黄郁金、知母、石菖蒲、广藿香、连翘，辅料为：蜂蜜、蔗糖、羟莘甲腊、羟苯乙脂。,18个月。,1.忌烟、酒及辛辣、生冷、油腻食物。 2.不宜在服药期间同时服用滋补性中药。 3.适用于风热感冒症见：发热，微恶风，有汗，口渴，鼻流浊涕，咽喉肿痛，咳吐黄痰。 4.发高烧体温超过38.5℃的患者，请上医院就诊；脾胃虚寒泄泻者慎服。 5.高血压、心脏病、肝病、糖尿病、肾病等慢性病严重者应在医师指导下服用。 6.本品不宜长期服用，服药3天症状无缓解，应去医院就诊。 7.严格按用法用量服用，儿童、年老体弱者应在医师指导下服用。 8.对本品过敏者禁用，过敏体质者慎用。 9.本品性状发生改变时禁止使用。 10.儿,24.00,广州市香雪制药股份有限公司,口服，一次10毫升，一日2～3次（早饭前和午、晚饭后各服一次）。,孕妇、哺乳期妇女禁用。,详见说明书。,本品为棕红色液体；味辛、微苦。,如与其他药物同时使用可能会发生药物相互作用，详情请咨询医师或药师。,,详见说明书。,10ml*12支,密封，置阴凉干燥处。,清热祛湿，凉血解毒。用于风热感冒，流感。,抗病毒口服液
47,,可引起过敏反应、心动过速、急性荨麻疹、过敏性药疹等。,中药,常备用药,,,神威,神威 藿香正气软胶囊,,苍术、陈皮、厚朴(姜制)、白芷、茯苓、大腹皮、生半夏、甘草浸膏、广藿香油、紫苏叶油。辅料为明胶、甘油、巧克力棕、苋菜红、精制玉米油、大豆磷脂、蜂蜡。,36个月,1.忌烟、酒及辛辣、生冷、油腻食物，饮食宜清淡。 2.不宜在服药期间同时服用滋补性中药。 3.有高血压、心脏病、肝病、糖尿病、肾病等慢性病严重者应在医师指导下服用。 4.儿童、孕妇、哺乳期妇女、年老体弱者应在医师指导下服用。 5.吐泻严重者应及时去医院就诊。 藿香正气软胶囊 6.严格按用法用量服用，本品不宜长期服用。 7.服药3天症状无缓解，应去医院就诊。 8.对藿香正气软胶囊过敏者禁用，过敏体质者慎用。 9.藿香正气软胶囊品性状发生改变时禁止使用。 10.儿童必须在成人监护下使用。 11.请将藿香正气软胶囊放在儿童不能接触的地方。 12.如正在使用其他药品，使用本品前请咨询医师或药师。,21.00,神威药业集团有限公司,口服，每次2－4粒，每日2次。,1.忌食生冷油腻。阴虚火旺者忌服；2.本方祛暑解表，化湿和中，多用于感冒、呕吐、泄泻、中暑等病。,,本品为软胶囊，内容物为棕褐色的膏状物；气芳香，味辛、苦。,如与其他药物同时使用可能会发生药物相互作用，详情请咨询医师或药师。,,,12粒*2板,密封，阴凉不超20℃,解表化湿，理气和中。用于外感风寒、内伤湿滞或夏伤暑湿所致的感冒，症见头痛昏重、胸膈痞闷、脘腹胀痛、呕吐泄泻；胃肠型感冒见上述证候者。,藿香正气软胶囊
48,,尚不明确。,中药,常备用药,,铝塑包装，12片/板*2板/盒。,贵州百灵,百灵鸟 维C银翘片,,金银花、连翘、荆芥、淡豆豉、牛蒡子、桔梗、薄荷油、芦根、淡竹叶、维生素C、马来酸氯苯那敏、对乙酰氨基酚等15味,36个月,1.忌烟、酒及辛辣、生冷、油腻食物。2.不宜在服药期间同时服用滋补性中成药。3.不适用于风寒感冒，表现为恶寒明显，无汗，头痛身酸，鼻塞流清涕。4.本品含马来酸氯苯那敏、对乙酰氨基酚、维生素C。服用本品期间不得饮酒或含有酒精的饮料；不能同时服用与本品成份相似的其他抗感冒药；肝、肾功能不全者慎用；膀胱颈梗阻、甲状腺功能亢进、青光眼、高血压和前列腺肥大者慎用；孕妇及哺乳期妇女慎用；服药期间不得驾驶机、车、船、从事高空作业、机械作业及操作精密仪器。7.心脏病、糖尿病等慢性病严重者应在医师指导下服用,4.50,贵州百灵企业集团制药股份有限公司,口服，一次2片，一日5次。,可见困倦、嗜睡、口渴、虚弱感；偶见皮疹、荨麻疹、药热及粒细胞减少；长期大量用药会导致肝肾功能异常。,,本品为薄膜衣片。除去包衣后显灰褐色，略带有少许白色斑点；气微、味微苦。,1.与其他解热镇痛药并用，有增加肾毒性的危险。4.如与其他药物同时使用可能会发生药物相互作用，详情请咨询医师或药师。,,,24片,密封，遮光,辛凉解表，清热解毒。用于流行性感冒引起的发热头痛、咳嗽、口干、咽喉疼痛。,维C银翘片
49,,,中药,常备用药,,15g*6袋/盒,云丰,云丰 丹溪玉屏风颗粒,,黄芪、白术(麸炒)、防风。,36个月。,1.忌油腻食物。 2.本品宜饭前服用。 3.按照用法用量服用，小儿、孕妇、高血压、糖尿病患者应在医师指导下服用。 4.服药二周或服药期间症状未明显改善，或症状加重者，应立即停药并到医院就诊。 5.对本品过敏者禁用，过敏体质者慎用。 6.本品性状发生改变时禁止使用。 7.儿童必须在成人监护下使用。 8.请将本品放在儿童不能接触的地方。 9.如正在使用其他药品，使用本品前请咨询医师或药师。,28.00,云南白药集团股份有限公司,口服，一次15～30克，一日2次。,,,本品为棕色或棕红色颗粒；味涩而后甘。,如与其他药物同时使用可能会发生药物相互作用，详情请咨询医师或药师。,,,15g*6袋,密封。,益气，固表，止汗。用于表虚不固，自汗恶风，面色白光白，或体虚易感风邪者。,丹溪玉屏风颗粒
50,,尚未明确。,中药,常备用药,,0.65克*24粒/盒。,欧意,欧意 感冒清热软胶囊,,荆芥穗、薄荷、防风、柴胡、紫苏叶、葛根、桔梗、苦杏仁、白芷、苦地丁、芦根。辅料为：大豆油、蜂蜡。,24个月。,服用本品可使患者免疫机能受到抑制，故用药期间避免接种死或活病毒疫苗，一般停药3个月至1年才可考虑接种疫苗。服用本品时应适当增加液体的摄入量，以增加尿量及尿酸的排泄。定期监测白细胞、血小板、血中尿素氮、尿酸及肌苷浓度。,15.00,石药集团欧意药业有限公司,口服，一次4粒，一日2次。,尚未明确。,,本品为软胶囊剂。,如与其他药物同时使用可能会发生药物相互作用，详情请咨询医师或药师。,,,0.65g*24粒,密封。,用于风寒感冒，头痛发热，恶寒身痛，鼻流清涕，咳嗽咽干。,感冒清热软胶囊
51,,尚不明确。,中药,常备用药,,玻璃瓶装，每盒装10支。,云南白药,云丰 藿香正气水,,广藿香油、紫苏叶油、白芷、苍术、厚朴(姜制)、生半夏、茯苓、陈皮、大腹皮、甘草浸膏。,24个月。,1.忌烟、酒及辛辣、生冷、油腻食物，饮食宜清淡。 2.不宜在服药期间同时服用滋补性中药。 3.有高血压、心脏病、肝病、糖尿病、肾病等慢性病严重者应在医师指导下服用。 4.儿童、孕妇、哺乳期妇女、年老体弱者应在医师指导下服用。 5.吐泻严重者应及时去医院就诊。 6.该药品含乙醇（酒精）40％～50％，服药后不得驾驶机、车、船、从事高空作业、机械作业及操作精密仪器。 7.严格按用法用量服用，该药品不宜长期服用。 8.服药3天症状无缓解，应去医院就诊。 9.对该药品及酒精过敏者禁用，过敏体质者慎用。 10.该药,15.00,云南白药集团股份有限公司,口服，一次半支-1支，一日2次，用时摇匀。,尚不明确。,,本品为深棕色的澄清液体(久贮略有浑浊)；味辛、苦。,如与其他药物同时使用可能会发生药物相互作用，详情请咨询医师或药师。,,,10ml*10支,密封。,解表化湿，理气和中。用于外感风寒、内伤湿滞或夏伤暑湿所致的感冒，症见：头痛昏重、胸膈痞闷、脘腹胀痛、呕吐泄泻；胃肠型感冒见上述证候者。,藿香正气水
52,,有时有轻度头晕、乏力、恶心、上腹不适、口干、食欲缺乏和皮疹等，可自行恢复。,西药,常备用药,,12片/盒。,欣敢胺,欣敢胺 复方氨酚烷胺片,,本品为复方制剂，每片含对乙酰氨基酚250毫克，盐酸金刚烷胺100毫克，人工牛黄10毫克，咖啡因15毫克，马来酸氯苯那敏12毫克。辅料为：淀粉、硬脂酸镁、预胶化淀粉、糊精、蔗糖。,24个月。,1.用药3-7天，症状未缓解，请咨询医师或药师。2.服用本品期间不得饮酒或含有酒精的饮料。3.不能同时服用与本品成份相似的其他抗感冒药。4.肝功能不全、肾功能不全、脑血管病史、精神病史或癫痫病史患者慎用。5.前列腺肥大、青光眼等患者以及老年人应在医师指导下使用。6.孕妇及哺乳期妇女慎用。7.服药期间不得驾驶机、车、船、从事高空作业、机械作业及操作精密仪器。8.如服用过量或出现严重不良反应，应立即就医。9.对本品过敏者禁用，过敏体质者慎用。,2.50,长春迪瑞制药有限公司,口服。成人，一次1片，一日3次。,严重肝肾功能不全者禁用。,尚不明确。,本品为淡黄色片。,1.与其他解热镇痛药同用，可增加肾毒性的危险。2.本品不宜与氯霉素、巴比妥类（如苯巴比妥）等并用。13.如与其他药物同时使用可能会发生药物相互作用，详情请咨询医师或药师。,,对乙酰氨基酚能抑制前列腺素合成，有解热镇痛的作用；金刚烷胺可抗“亚一甲型”流感病毒，抑制病毒繁殖；咖啡因为中枢兴奋药，能增强对乙酰氨基酚的解热镇痛效果，并能减轻其他药物所致的嗜睡、头晕等中枢抑制作用；马来酸氯苯那敏为抗过敏药，能减轻流涕、鼻塞、打喷嚏等症状；人工牛黄具有解热、镇惊作用。上述诸药配伍制成复方，可增强解热、镇痛效果，解除或改善感冒所引起的各种症状。,12片,密封，阴凉干燥处。,适用于缓解普通感冒及流行性感冒引起的发热、头痛、四肢酸痛、打喷嚏、流鼻涕、鼻塞、咽痛等症状。,复方氨酚烷胺片
53,,如有少量轻摇易散的沉淀，请摇均服用。,中药,常备用药,,,江西民济,江西民济 鲜竹沥,,鲜竹沥。,24个月,尚不明确。,9.00,江西民济药业有限公司,口服，1次20ml，1日2～3次。,尚不明确。,,,如与其他药物同时使用可能会发生药物相互作用，详情其咨询医师或药师。,,,30ml*8支/盒,密封，防潮。,清热化痰。用于肺热咳嗽痰多，气喘胸闷，中风舌强，痰涎壅盛，小儿痰热惊风。,鲜竹沥
54,,尚不明确。,中药,常备用药,,20mg*15粒*2板,蔓芝宁,蔓芝宁 牡荆油胶丸,,牡荆油。,24个月,1.忌烟、酒及辛辣、生冷、油腻食物。 2.不宜在服药期间同时服用滋补性中药。 3.痰热咳嗽者不适用。喘息较重者应及时去医院就诊。 4.支气管扩张、肺脓疡、肺心病、肺结核患者出现咳嗽时应去医院就诊。 5.有高血压、心脏病、肝病、糖尿病、肾病等慢性病严重者应在医师指导下服用。 6.儿童、孕妇、哺乳期妇女、年老体弱者应在医师指导下服用。 7.服药期间，若患者发热体温超过38.5℃，或出现喘促气急者，或咳嗽加重、痰量明显增多者应去医院就诊。 8.服药7天症状无缓解，应去医院就诊。 9.对本品过敏者禁用，过敏体质,11.00,江西天之海药业股份有限公司,口服，一次1～2丸，一日3次。,尚不明确。,,本品为棕黄色半透明胶丸，剥开后内含黄色的油质液体；有特殊的香气。,如与其他药物同时使用可能会发生药物相互作用，详情请咨询医师或药师。,,,20mg*15粒*2板,密封保存。,"祛痰，止咳,平喘。用于慢性支气管炎。",牡荆油胶丸
55,,尚不明确。,中药,常备用药,,铝塑泡罩包装，10片/盒。,云丰,云丰 风寒感冒颗粒,,麻黄、葛根、紫苏叶、防风、桂枝、白芷、陈皮、苦杏仁、桔梗、甘草、干姜。,36个月,1.忌烟、酒及辛辣、生冷、油腻食物。2.不宜在服药期间同时服用滋补性中成药。3.风热感冒者不适用，其表现为发热重，微恶风，有汗，口渴，鼻流浊涕，咽喉红肿热痛，咳吐黄痰。4.有高血压、心脏病、肝病、糖尿病、肾病等慢性病严重者、孕妇或正在接受其它治疗的患者，均应在医师指导下服用。5.服药三天后症状无改善，或出现发热咳嗽加重，并有其他严重症状如胸闷、心悸等时应去医院就诊。6.按照用法用量服用，小儿、年老体虚者应在医师指导下服用。7.药品性状发生改变时禁止服用。8.儿童必须在成人的监护下使用。9.请将此药品放在儿,20.00,云南白药集团股份有限公司,口服，一次1袋，一日3次。,尚不明确。,,本品为棕褐色颗粒；气芳香，味香、微苦。,,,,8g*6袋,密闭，防潮。,解表发汗，疏风散寒。用于风寒感冒，发热，头痛，恶寒，无汗，咳嗽，鼻塞，流清涕。,风寒感冒颗粒
56,,尚不明确。br /,中药,常备用药,,,卜康,卜康 消炎止咳片,,胡颓子叶、桔梗、太子参、百部、罂粟壳、麻黄、黄荆子、南沙参、穿心莲。,,不宜常服。br /,5.50,山西同达药业有限公司,口服，一次2片，一日3次。,儿童禁用。br /,,,如与其他药物同时使用可能会发生药物相互作用，详情请咨询医师或药师。,,,12片*2板/盒,密封，在干燥处保存,消炎，镇咳，化痰，定喘。用于咳嗽痰多，胸满气逆，气管炎。,消炎止咳片
57,,未见明显不良反应。,中药,常备用药,,10袋/包。,六棉牌,六棉 银翘解毒颗粒,,金银花、连翘、薄荷、荆芥、淡豆豉、牛蒡子（炒）、桔梗、淡竹叶、甘草。,24个月。,1、忌烟、酒及辛辣、生冷、油腻食物。2、不宜在服药期间同时服用滋补性中成药。3、风寒感冒者不适用，其表现为恶寒重，发热轻，无汗，鼻塞流清涕，口不渴，咳吐稀白痰。4、有高血压、心脏病、肝病、糖尿病、肾病等慢性病严重者、孕妇或正在接受其它治疗的患者，均应在医师指导下服用。5、服药三天后，症状无改善，或出现发热咳嗽加重，并有其他症状如胸闷、心悸等时应去医院就诊。6、按照用法用量服用，小儿、年老体虚者应在医师指导下服用。,10.00,中山市恒生药业有限公司,开水冲服，一次15g，一日3次；重症者加服1次。,对银翘解毒颗粒（或组成成分）过敏者禁用。,,本品为浅棕色的颗粒；味甜、微苦。,如与其他药物同时使用可能会发生药物相互作用，详情请咨询医师或药师。,,,15g*10袋,密封。,辛凉解表，清热解毒。用于风热感冒，发热头痛，咳嗽，口干，咽喉疼痛。,银翘解毒颗粒
58,,尚不明确。,中药,常备用药,,12片*2板,颐君,颐君 化痰平喘片,,暴马子皮、黄芩、地龙、浮海石、南沙参、百部、盐酸异丙嗪。,24个月,本品是中西药复方制剂，鉴于尚无充分的临床研究数据证实本复方制剂可以减低或消除其中化学药品的不良反应或其他应当注意的事项，故在此罗列与化学药品关联的相关内容，以提示医患在使用本品时予以关注。 1.本药含有盐酸异丙嗪，盐酸异丙嗪为组织胺H1受体拮抗剂，单用时日服剂量一般不得超过37.5mg。 2.盐酸异丙嗪单独使用时主要不良反应为困倦、思睡、口干，偶有胃肠道刺激症状，高剂量时易发生锥体外系症状；老年人用药多发生头晕、痴呆、精神错乱和低血压；少数患者用药后出现兴奋、失眠、心悸、头痛、耳鸣、视力模糊和排尿困难。过,4.00,通化颐生药业股份有限公司,口服。一次4-6片，一日2次。,1.婴儿、新生儿禁用。 2.对盐酸异丙嗪以及其类似药品过敏者禁用。 3.高空作业者、驾驶员、机械操作者，工作时间内禁用。 4.哺乳期妇女、孕妇和老年人慎用。,,本品为棕色至棕褐色的片；味微苦。,1.本品可增强抗胆碱药如阿托品的作用。 2.与镇静、催眠药、抗过敏药并用可增加本品对中枢神经的抑制作用。 3.与氨基酸苷类抗生素、水杨酸制剂和去甲万古霉素等耳毒性药同用时，耳毒性症状可被掩盖而不易发现。另外，癫痫、肝功能不全者慎用；婴儿、新生儿禁用。,,,12片*2板,密封。,清热化痰，止咳平喘。用于急、慢性气管炎，肺气肿，咳嗽痰多，胸满气喘。,化痰平喘片
59,,可见轻度嗜睡、头晕、心悸、困倦、口干、恶心、多汗、皮疹等。,西药,常备用药,,12粒*1板/盒。,科达琳,科达琳 复方氨酚肾素片(成人)(进),,每片含量：对乙酰氨基酚250毫克、无水咖啡因 30毫克、盐酸去氧肾上腺素5毫克、马来酸氯苯那敏2毫克、维生素B1 3毫克。,36个月。,1、用药3-7天，症状未缓解，请咨询医师或药师。2、服用本品期间不得饮酒或含有酒精的饮料。3、不能同时服用与本品成份相似的其他抗感冒药。4、心脏病、高血压、甲状腺疾病、糖尿病、前列腺肥大和青光眼等患者以及老年人应在医师指导下使用。5、肝、肾功能不全者慎用。6、孕妇及哺乳期妇女慎用。7、服药期间不得驾驶机、车、船、从事高空作业、机械作业及操作精密仪器。8、如服用过量或出现严重不良反应，应立即就医。9、对本品过敏者禁用，过敏体质者慎用。10、本品性状发生改变时禁止使用。11、请将本品放在儿童不能接触的地方。,23.00,香港幸福医药有限公司,口服。成人及12岁以上儿童一次2片 ，每4小时服1次 。 24小时不超过4次。,严重肝肾功能不全者禁用。,,本品为橙色片，片的一片刻有“幸福科达琳”，另一面刻有“COLTALIN字样。,1、与其他解热镇痛药同用，可增加肾毒性的危险。2、本品不宜与氯霉素、巴比妥类（如苯巴比妥）、解痉药（如颠茄）、酚妥拉明、洋地黄苷类并用。3、如与其他药物同时使用可能会发生药物相互作用，详情请咨询医师或药师。,,本品中对乙酰氨基酚能抑制前列腺素的合成而产生解热镇痛作用；咖啡因为中枢兴奋药，与解热镇痛药合用，能加强解热镇痛作用；盐酸去氧肾上腺素可收缩上呼吸道毛细血管，消除鼻咽部黏膜充血，减轻鼻塞症状；马来酸氯苯那敏为抗组胺药，能减轻流泪、打喷嚏、流涕等过敏症状；维生素B1能促进碳水化合物的代谢，维持心脏、神经和消化系统的正常功能。,12粒*1板,置阴凉干处密封保存。,适应于缓解普通感冒及流行性感冒引起的发热、头痛、四肢酸痛、打喷嚏、流鼻涕、鼻塞、咽痛等症状，也可以用于过敏性鼻炎。,复方氨酚肾素片
60,,未发现不良反应。,中药,药品,,10ml*10支/盒。,安药,安药 抗病毒口服液,,板蓝根、石膏、芦根、生地黄、郁金、知母、石菖蒲、广藿香、连翘。辅料为：蜂蜜、蔗糖、羟莘甲腊、羟苯乙脂。,24个月。,1、忌烟、酒及辛辣、生冷、油腻食物。2、不宜在服药期间同时服用滋补性中药。3、适用于风热感冒症见：发热，微恶风，有汗，口渴，鼻流浊涕，咽喉肿痛，咳吐黄痰。4、发高烧体温超过38.5℃的患者，请上医院就诊；脾胃虚寒泄泻者慎服。5、高血压、心脏病、肝病、糖尿病、肾病等慢性病严重者应在医师指导下服用。6、本品不宜长期服用，服药3天症状无缓解，应去医院就诊。7、严格按用法用量服用，儿童、年老体弱者应在医师指导下服用。8、对本品过敏者禁用，过敏体质者慎用。9、本品性状发生改变时禁止使用。10、儿童必须在成人监护下使,12.00,湖北午时药业股份有限公司,口服，一次10毫升，一日2～3次（早饭前和午、晚饭后各服一次）。,孕妇、哺乳期妇女禁用。,,本品为棕红色液体；味辛、微苦。,如与其他药物同时使用可能会发生药物相互作用，详情请咨询医师或药师。,,,10ml*10支,密封，阴凉（不超21℃）。,清热祛湿，凉血解毒。用于风热感冒，流感。,抗病毒口服液
61,,不良反应较少，对胃肠刺激小，不引起胃出血，偶见皮疹、荨麻疹、药热、血小板减少症及白血球减少等不良反应，长期大量用药有可能导致肝、肾功能异常,西药,常备用药,,0.5g*10片/盒。,必理通,必理通 对乙酰氨基酚片,,本品每片含主要成份对乙酰氨基酚0．5克。,36个月。,1、本品为对症治疗药，用于解热，连续使用不得超过3天，用于止痛不得超过5天，症状不缓解请咨询医师或药师。2、对本品过敏者禁用。对阿司匹林过敏者，一般对本品不发生过敏反应，但有报告，在因阿司匹林过敏而发生喘息的病人中，少数服用本品后发生轻度支气管痉挛。3、不能同时服用含有本品及其他解热镇痛药的制剂。4、对孕妇应考虑可能对胎儿造成的不良影响而慎用。5、肝肾功能不全者应慎用。6.勿过量服药，如服药过量或有严重不艮反应时应立即就医。 如若过量服药则有可能严重影响肝脏、症状有可能在3天以后才会出现，若在过量服药10,8.00,中美天津史克制药有限公司,口服。12岁以上儿童及成人一次1片，6-12岁儿童一次0.5片，若持续高热或疼痛，可间隔4-6小时重复用药一次，24小时内不得超过4片。,肝肾功能不全者禁用。,详见说明书。,本品为白色椭圆形薄膜包衣片。,1、应用巴比妥类(如苯巴比妥)或解痉药(如颠茄)的患者，长期使用本品时可致 肝脏损害。2、本品与氯霉素同用时可增强后者的毒性。 3、如正在服用其它药品，使用本品前请咨询医师或药师。,,本品能抑制前列腺素的合成，具有解热，镇痛作用。,0.5g*10片,避光、密闭保存。,用于缓解轻中度疼痛如头痛、偏头痛、关节痛、肌肉痛、痛经、牙痛、神经痛，也用于普通感冒或流行性感冒引起的发热。,对乙酰氨基酚片
62,,尚不明确。,中药,常备用药,,100ml,999,999 小儿止咳糖浆,,甘草流浸膏、桔梗流浸膏、橙皮酊、氯化铵。辅料为蔗糖、苯甲酸钠。,36个月,忌食生冷辛辣食物。,18.50,华润三九(郴州)制药有限公司,口服，2～5岁一次5毫升，2岁以下酌情递减，5岁以上一次5～10毫升，一日3～4次。,尚不明确。,,本品为红棕色半透明的粘稠液体；味甜。,如与其他药物同时使用可能会发生药物相互作用，详情请咨询医师或药师。,,,120ml,遮光，密封，置阴凉处（不超过20℃）。,祛痰，镇咳。用于小儿感冒引起的咳嗽。,小儿止咳糖浆
63,,1.少数病人可出现恶心，呕吐，胃烧灼感或轻度消化不良，胃肠道溃疡及出血；转氨酶升高。2.罕见皮疹，过敏性肾炎，膀胱炎，肾病综合征，肾乳头坏死或肾功能衰竭，支气管痉挛。,西药,常备用药,,铝塑包装，12粒/板/盒。,欣敢迪,欣敢迪 布洛芬胶囊,,含布洛芬0.2g。分子式：C13H18O2,24个月。,"1.本品用于解热连续使用不得超过3天，用于止痛不得超过5天，发热或疼痛持续不退者请咨询医师或药师。2.心功能不全，高血压、血友病或其他出血性疾病(包括凝血或血小板功能异常),肾功能不全及消化道溃疡的患者，使用前必须咨询医师或药师。3.用药期间如出现胃肠道出血、肝肾功能损害、视力障碍、血象异常以及过敏反应等情况应立即停药就医。4.当本品性状发生改变时禁用。5.儿童必须在成人监护下使用。6.请将本品放在儿童不能接触的地方。",5.90,长春迪瑞制药有限公司,口服。成人，一次1粒，一日3次。,1.对本品及其他解热镇痛药过敏者禁用。2.孕妇、哺乳期妇女禁用。3.有活动性消化道溃疡者禁用,,本品为硬胶囊，内容物为白色结晶性粉末；气微，味微苦。,1.本品与其他解热镇痛抗炎药同时服用时，可增加胃肠道不良反应，并可导致溃疡。2.本品与肝素，双香豆素等抗凝药同时使用，可导致凝血酶原时间延长，增加出血倾向；3.与呋塞米(呋喃苯胺酸)同用时，后者的排钠和降压作用减弱；还可降低抗高血压药品降压效果；4.本品可增高地高辛、甲氨蝶呤和口服降糖药的血药浓度，故不宜同服；5.如正在服用其他药品，使用本品前请咨询医师或药师。,,本品能抑制前列腺素合成，具有镇痛解热和抗炎作用。,0.2g*12粒,密封保存。,用于减轻中度疼痛如关节痛、神经痛、肌肉痛、偏头痛、头痛、痛经、牙痛；也可用于感冒和流感引起的发热。,布洛芬胶囊
64,,尚不明确。,中药,常备用药,,10g*20袋/包。,香雪,香雪 广东凉茶颗粒,,岗梅、山芝麻、五指柑、淡竹叶、木蝴蝶、布渣叶、火炭母、金沙藤、广金钱草、金樱根。,24个月。,1．饮食宜清淡。2．孕妇慎用。3．风寒感冒者不适用，其表现为恶寒重，发热轻，无汗，鼻塞流清涕，口不渴，咳吐稀白痰。4．不宜在服药期间同时服用滋补性中成药。5．有高血压、心脏病、肝病、糖尿病、肾病等慢性病严重者、孕妇或正在接受其它治疗的患者，均应在医师指导下服用。6．服药三天后症状未改善，或出现吐泻明显，并有其他严重症状时应去医院就诊。7．按照用法用量服用，小儿、年老体虚者应在医师指导下服用。8．对本品过敏者禁用，过敏体质者慎用。9．本品性状发生改变时禁止使用。10．儿童必须在成人监护下使用。11．请将本品,11.00,广东化州中药厂制药有限公司,用开水冲服。一次1袋，一日1-2次。,尚不明确。,详见说明书。,本品为棕色的颗粒或不规则状粉末；味苦、甘。,如与其他药物同时使用可能会发生药物相互作用，详情请咨询医师或药师。,,详见说明书。,10g*20包,密封，置阴凉干燥处。,清热解暑，去湿生津。用于四时感冒，发热喉痛，湿热积滞，口干尿黄。,广东凉茶颗粒
65,,1、饮食宜清淡，服药期间不宜同时服用滋补性中成药。2、有高血压、心脏病、肝病、糖尿病、肾病等慢性病严重者、孕妇或正接受其它治疗的患者，均应在医师下指导下服用。3、服用三天后症状未改善，或出现吐泻明显，并有其他严重症状时应去医院就诊。,中药,常备用药,,瓶。,天福康,天福康 藿香正气丸（浓缩丸）,,广藿香、紫苏叶、白芷、白术、陈皮、半夏、厚朴、茯苓、桔梗、甘草、大腹皮、生姜、大枣。,36个月。,1、饮食宜清淡。2、不宜在服药期间同时服用滋补性中成药。3、有高血压、心脏病、肝病、糖尿病、肾病等慢性病严重者、孕妇或正在接受其它治疗的患者，均应在医师指导下服用。4、服药三天后症状未改善，或出现吐泻明显，并有其他严重症状时应去医院就诊。5、按照用法用量服用，小儿、年老体虚者应在医师指导下服用。6、长期服用应向医师咨询。7、药品性状发生改变时禁止服用。8、儿童必须在成人的监护下使用。9、请将此药品放在儿童不能接触的地方。10、如正在服用其他药品，使用本品前请咨询医师或药师。,6.00,马鞍山天福康药业有限公司,口服，一次8丸，一日3次。,对本品过敏者禁用。,,本品为深棕色的澄清固体；味辛、苦。,如与其他药物同时使用可能会发生药物相互作用，详情请咨询医师或药师。,,,200粒,密封。,解表化湿，理气和中。用于外感风寒，内伤湿滞，头痛昏重，脘腹胀痛，呕吐泄泻，胃肠型感冒。,藿香正气丸
66,,,中药,常备用药,,药粉：铝箔袋装；药油：安瓿装；每盒装三袋。,源安堂,源安堂 银胡感冒散(外用贴剂),,岗松、大叶桉叶、山银花、连翘、青蒿、荆芥、薄荷、柴胡、广藿香、艾叶、桔梗、陈皮。,36个月,1.本品为外用药，禁止内服。 2.使用本品时切勿触及眼睛、口腔等黏膜，皮肤破损处忌用。 3.用药部位如有明显灼热感或瘙痒、局部红肿等情况，应停止用药，洗净，必要时向医师咨询。 4.对本品过敏者禁用，过敏体质者慎用。 5.儿童、年老体弱者应在医师指导下使用。 6.对本品过敏者禁用，过敏体质者慎用。 7.本品性状发生改变时禁止使用。 8.儿童必须在成人监护下使用。 9.请将本品放在儿童不能接触的地方。 10.如正在使用其他药品，使用本品前请咨询医师或药师。,45.00,广西源安堂药业有限公司,外用。贴于脐部。先用手轻揉脐部约一分钟，后将小瓶药油倒进药包对准脐眼贴上即可。每日一贴（重症加一贴在大椎穴）。,孕妇禁用。,,药粉：为灰黄色至黄棕色的粉末；气芳香。药油：为无色或淡黄色的澄清液体；气芳香。,如与其他药物同时使用可能会发生药物相互作用，详情请咨询医师或药师。,,,0.2ml+2.2g*3袋,密封,疏风解表，清热解毒。用于风热感冒所致的恶寒发热，鼻塞喷嚏，咳嗽，头痛，全身不适。,银胡感冒散
67,,尚不明确。,中药,常备用药,,复膜袋，6袋/盒。,云丰,云丰 风热感冒颗粒,,板蓝根、连翘、薄荷、荆芥穗、桑叶、芦根、牛蒡子、菊花、苦杏仁、桑枝、六神曲。,36个月。,1、忌烟、酒及辛辣、生冷、油腻食物。2、不宜在服药期间同时服用滋补性中成药。3、风寒感冒者不适用，其表现为恶寒重，发热轻，无汗，鼻塞流清涕，口不渴，咳吐稀白痰。4、有高血压、心脏病、肝病、糖尿病、肾病等慢性病严重者、孕妇或正在接受其它治疗的患者，均应在医师指导下服用。5、服药三天后症状无改善，或出现发热咳嗽加重，并有其他症状如胸闷、心悸等时应去医院就诊。6、按照用法用量服用，小儿、年老体虚者应在医师指导下服用。7、连续服用应向医师咨询。8、药品性状发生改变时禁止服用。9、儿童必须在成人的监护下使用。10、,18.00,云南白药集团股份有限公司,口服，一次1袋，一日3次。,尚不明确。,,本品为棕褐色颗粒；气芳香，味甘、微苦。,如与其他药物同时使用可能会发生药物相互作用，详情请咨询医师或药师。,,,10g*6袋,密闭，防潮。,疏风清热，利咽解毒。用于风热感冒，发热，有汗，鼻塞，头痛，咽痛，咳嗽，多痰。,风热感冒颗粒
68,,尚不明确。,中药,常备用药,,低硼硅玻璃管制瓶包装，每瓶装5支。,太极,太极 藿香正气口服液,,苍术、陈皮、厚朴（姜制）、白芷、茯苓、大腹皮、生半夏、甘草浸膏、广藿香油、紫苏叶油。辅料为聚山梨酯-80、桂皮油。,36个月。,1.忌烟、酒及辛辣、生冷、油腻食物，饮食宜清淡。2.不宜在服药期间同时服用滋补性中药。3.有高血压、心脏病、肝病、糖尿病、肾病等慢性病严重者应在医师指导下服用。4.儿童、孕妇、哺乳期妇女、年老体弱者应在医师指导下服用。5.吐泻严重者应及时去医院就诊。6.严格按用法用量服用，本品不宜长期服用。7.服药3天症状无缓解，应去医院就诊。8.对本品过敏者禁用，过敏体质者慎用。9.本品性状发生改变时禁止使用。10.儿童必须在成人监护下使用。11.请将本品放在儿童不能接触的地方。12.如正在使用其他药品，使用本品前请咨,13.00,太极集团重庆涪陵制药厂有限公司,口服。一次5～10毫升，一日2次，用时摇匀。,尚不明确。,详见说明书。,本品为棕色的澄清液体，味辛，微甜。,如与其他药物同时使用可能会发生药物相互作用，详情请咨询医师或药师。,,详见说明书。,10ml*5支,密封。,解表化湿，理气和中。用于外感风寒、内伤湿滞或夏伤暑湿所致的感冒，症见头痛昏重、胸膈痞闷、脘腹胀痛、呕吐泄泻；胃肠型感冒见上述证候者。,藿香正气口服液
69,,可见困倦、嗜睡、口渴、虚弱感；偶见皮疹、荨麻疹、药热及粒细胞减少；长期大量用药会导致肝肾功能异常。,中药,常备用药,,每瓶装100片。,花城,花城 复方感冒灵片,,金银花、五指柑、野菊花、三叉苦、南板蓝根、岗梅、对乙酰氨基酚、马来酸氨苯那敏、咖啡因。,12个月。,1、忌烟、酒及辛辣、生冷、油腻食物。2、不宜在服药期间同时服用滋补性中药。3、风寒感冒者不适用，其表现为恶寒重，发热轻，无汗，头痛，鼻塞，流清涕，喉痒咳嗽。4、本品含对乙酰氨基酚、马来酸氯苯那敏、咖啡因。服用本品期间不得饮酒或含有酒精的饮料；不能同时服用与本品成份相似的其他抗感冒药；肝、肾功能不全者慎用；膀胱颈梗阻、甲状腺功能亢进、青光眼、高血压和前列腺肥大者慎用；孕妇及哺乳期妇女慎用；服药期间不得驾驶机、车、船、从事高空作业、机械作业及操作精密仪器。,8.80,广州花城药业有限公司,口服，一次4片，一日3次，二天为一疗程.,严重肝肾功能不全者禁用,,本品为双层片，一层为棕褐色，另一层为粉红色；味苦。,1、与其他解热镇痛药并用，有增加肾毒性的危险。2、如与其他药物同时使用可能会发生药物相互作用，详情请咨询医师或药师。,,,100粒,密封。,辛凉解表、清热解毒。用于风热感冒、微恶风寒、头身痛、口干而渴、鼻塞涕浊、咽喉红肿疼痛、咳嗽、痰黄粘稠。,复方感冒灵片
70,,尚不明确。,中药,常备用药,,复合膜袋包装，每袋装6克，每盒装6袋。,中一牌,中一 加味藿香正气丸(浓缩水丸),,广藿香、紫苏叶、白芷、白术（炒）、陈皮、半夏（制）、厚朴（姜制）、茯苓、桔梗、大腹皮、甘草。,48个月。,1、忌烟、酒及辛辣、生冷、油腻食物。2、不宜在服药期间同时服用滋补性中成药。3、不适用于风热感冒，其表现为发热明显，微恶风，有汗，口渴，鼻流浊涕，咽喉肿痛，咳嗽咯吐黄痰。4、高血压、心脏病、肝病、糖尿病、肾病等慢性病严重者应在医师指导下服用。5、服药3天后或服药期间症状无改善，或症状加重，或出现新的严重症状如胸闷、心悸等应立即停药，并去医院就诊。6、小儿、年老体弱者、孕妇应在医师指导下服用。7、对本品过敏者禁用，过敏体质者慎用。8、本品性状发生改变时禁止使用。9、儿童必须在成人监护下使用。10、请将本品放,8.00,广州白云山中一药业有限公司,口服。一次6克（1袋），一日2次。,尚不明确。,,本品为青黄色至棕黄色的浓缩丸；气芳香，味甘、微苦。,如与其他药物同时使用可能会发生药物相互作用，详情请咨询医师或药师。,,,6g*6包,密封。,解表化湿，理气和中。用于外感风寒，内伤湿滞，头痛昏重，胸膈痞闷，脘腹胀痛，呕吐泄泻。,加味藿香正气丸
71,,尚不明确。,中药,常备用药,,药用塑料瓶装，100毫升/瓶/盒。,住邦护蕾,护蕾 小儿止咳糖浆,,甘草流浸膏、桔梗、橙皮酊，辅料为：苯甲酸钠、蔗糖。,12个月,1.忌食生冷辛辣食物。 2.其它详见说明书。,6.50,湖北盛通药业有限公司,口服，2～5岁一次5毫升，2岁以下酌情递减，5岁以上一次5～10毫升，一日3～4次。,尚不明确。,详见说明书。,本品为红棕色半透明的粘稠液体，味甜。,如与其他药物同时使用可能会发生药物相互作用，详情请咨询医师或药师,,详见说明书。,100ml,密封。,祛痰，镇咳。用于小儿感冒引起的咳嗽。,小儿止咳糖浆
72,,尚不明确,中药,常备用药,,100ml片/盒。,潘高寿,潘高寿 治咳川贝枇杷露,,枇杷叶、桔梗、水半夏、平贝母流浸膏、薄荷脑。辅料为蔗糖、苯甲酸、羟苯乙酯。,24个月,1.忌食辛辣、油腻食物。2.支气管扩张、肺脓疡、肺心病、肺结核、糖尿病患者应在医师指导下服用。3.服用一周病证无改善，应停止服用，去医院就诊。4.服药期间，若患者出现高热，体温超过38℃，或出现喘促气急者，或咳嗽加重，痰量明显增多者应到医院就诊。5.孕妇慎用。6.长期服用，应向医师或药师咨询。7.对本品过敏者禁用，过敏体质者慎用。8.药品性状发生改变时禁止服用。9.儿童必须在成人监护下使用。10.请将此药品放在儿童不能接触的地方。11.如正在服用其他药品，使用本品前请咨询医师或药师。,15.00,广州白云山潘高寿药业股份有限公司,口服，一次10～20毫升，一日3次。,尚不明确,详见说明书。,本品为棕红色的澄清液体；气香，味甜，有凉喉感。,如与其他药物同时使用可能会发生药物相互作用，详情请咨询医师或药师。,,详见说明书。,150ml,密封。,清热化痰止咳。用于感冒、支气管炎属痰热阻肺证，症见咳嗽、痰黏或黄。,治咳川贝枇杷露
73,,有时有轻度头晕，乏力，恶心，上腹不适，口干、食欲缺乏和皮疹等，可自行恢复。,西药,常备用药,,10粒/盒。,快克,快克 复方氨酚烷胺胶囊,,本品为复方制剂，每粒含对乙酰氨基酚250mg、盐酸金刚烷胺100mg、人工牛黄10mg、咖啡因15mg、马来酸氯苯那敏2mg。,36个月。,1.药用3-7天，症状未缓解，请咨询医师或药师。2.服用本品期间不得饮酒或含有酒精的饮料。3.不能同时服用与本品成份相似的其他抗感冒药。4.前列腺肥大、青光眼等患者以及老年人应在医师指导下使用。5.肝功能不全、肾功能不全、脑血管病史、精神病史或癫痫病史患者慎用。6.孕妇及哺乳期妇女慎用。7.服药期间不得驾驶机、车、床、从事高空作业、机械作业及操作精密仪器8.如果用过量或出现严重不良反应，应立即就医。9.对本品过敏者禁用，过敏体质者慎用。10.对本品形状发生改变时禁止使用。11.请将本品在儿童不能接触的地方,11.00,海南亚洲制药有限公司,口服。成人，一次1粒，一日2次,严重肝肾功能不全者禁用。,尚不明确。,本品为胶囊剂，内容物为淡黄色小丸。,1.与其他解热镇痛药同用，可增加肾毒性的危险。2.本品不宜与氯霉素、巴比妥类（如苯巴比妥）等比用。3.如与其他药物同时使用可能会发生药物相互作用，详情请咨询医师或药师,,对乙酰氨基酚能抑制前列腺素合成，有解热镇痛的作用；金刚烷胺可抗“亚-甲型”流感病毒，抑制病毒繁殖；咖啡因为中枢兴奋药，能增加对乙酰氨基酚的解热镇痛效果，并能减轻其他药物所致的嗜睡、头晕等中枢抑制作用；马来酸氯苯那敏为抗过敏药，能减轻流涕、鼻塞、打喷嚏等症状；人工牛黄具有解热、镇惊作用。上述诸药配伍制成复方，可增强解热、镇痛效果，解除或改善感冒所引起的各种症状。,10粒,密封，在阴凉（不超过20C）干燥处保存。,适用于缓解普通感冒及流行性感冒引起的发热、头痛、四肢酸痛、打喷嚏、流鼻涕、鼻塞、咽喉痛等症状，也可用于流行性感冒的预防和治疗。,复方氨酚烷胺胶囊
74,,,中药,常备用药,,48粒*4板/盒。,唐龙,唐龙 藿香正气丸(浓缩丸),,苍术、陈皮、厚朴(姜制)、白芷、茯苓、大腹皮、生半夏、甘草浸膏、广藿香油、紫苏叶油、桔梗、生姜、大枣。,36个月。,1.饮食宜清淡。2.不宜在服药期间同时服用滋补性中成药。3.有高血压、心脏病、肝病、糖尿病、肾病等慢性病严重者、孕妇或正在接受其它治疗的患者，均应在医师指导下服用。4.服药三天后症状未改善，或出现吐泻明显，并有其他严重症状时应去医院就诊。5.按照用法用量服用，小儿、年老体虚者应在医师指导下服用。6.长期服用应向医师咨询。7.药品性状发生改变时禁止服用。8.儿童必须在成人的监护下使用。9.请将此药品放在儿童不能接触的地方。10.如正在服用其他药品，使用本品前请咨询医师或药师。,8.00,兰州太宝制药有限公司,口服，一次8丸，一日3次。,,,本品为深棕色的浓缩丸；气芳香，味甘、微苦。,如与其他药物同时使用可能会发生药物相互作用，详情请咨询医师或药师。,,,48粒*4板,密封。,解表化湿，理气和中。用于暑湿感冒，头痛身重胸闷，或恶寒发热，脘腹胀痛，呕吐泄泻。,藿香正气丸
75,,尚不明确。,中药,常备用药,,复合膜，10袋/盒。,云昆,雲昆 感冒疏风丸,,麻黄绒（炙）、苦杏仁、桂枝、白芍（酒炙）、紫苏叶、防风、桔梗、谷芽（炒）、甘草、大枣（去核）、生姜（捣碎）、独活。,60个月。,1、忌烟、酒及辛辣、生冷、油腻食物。 2、不宜在服药期间同时服用滋补性中成药。 3、风热感冒者不适用，其表现为发热明显，汗出，口渴，咽喉肿痛，咳吐黄痰。 4、肝病、糖尿病、肾病等慢性病严重者应在医师指导下服用。 5、高血压、心脏病患者慎用。 6、服药三天后症状无改善，或症状加重，或出现新的严重症状如胸闷、心悸等应立即停药，并去医院就诊。 7、小儿、年老体弱者、孕妇应在医师指导下服用。 8、对该药品过敏者禁用，过敏体质者慎用。 9、该药品性状发生改变时禁止使用。 10、儿童必须在成人监护下,11.00,昆明中药厂有限公司,口服，一次1袋（6克），一日2次。,尚不明确。,,本品为黑色水蜜丸；味甜、苦、略麻涩。,如与其他药物同时使用可能会发生药物相互作用，详情请咨询医师或药师。,,,6g*10袋,密封。,辛温解表，宣肺和中。用于风寒感冒，发热咳嗽，头痛怕冷，鼻流清涕，骨节酸痛，四肢疲倦。,感冒疏风丸
76,,尚不明确。,中药,常备用药,,200丸/瓶,瑞华,梁湖 加味藿香正气丸,,本品为棕褐色的大蜜丸；气芳香，味甘、微苦。,,1.忌烟、酒及辛辣、生冷、油腻食物。 2.不宜在服药期间同时服用滋补性中成药。 3.不适用于风热感冒，其表现为发热明显，微恶风，有汗，口渴，鼻流浊涕，咽喉肿痛，咳嗽咯吐黄痰。 4.高血压、心脏病、肝病、糖尿病、肾病等慢性病严重者应在医师指导下服用。 5.服药3天后或服药期间症状无改善，或症状加重，或出现新的严重症状如胸闷、心悸等应立即停药，并去医院就诊。 6.小儿、年老体弱者、孕妇应在医师指导下服用。 7.对本品过敏者禁用，过敏体质者慎用。 8.药品性状发生改变时禁止服用。 9.儿童必须在成人监护下使用。 10.请将此药品放在儿童不能接触的地方。 11.如正在服用其他药品，使用本品前请咨询医师或药师。,6.00,湖北瑞华制药有限责任公司,口服，一次1～2丸，一日2次。,尚不明确。,,,如与其他药物同时使用可能会发生药物相互作用，详情请咨询医师或药师。,,,200丸,密封。,解表退热，和中理气。用于外感风寒，内伤饮食，憎寒壮热，头痛呕吐，胸隔满闷，中暑霍乱。,加味藿香正气丸
77,,少数患者可有轻度嗜睡，恶心、呕吐、腹胀、多汗、口干及皮疹等。,西药,常备用药,,12粒/盒。,康必得,康必得 复方氨酚葡锌片(成人),,本品为复方制剂，每片含对乙酰氨基酚100毫克、葡萄糖酸锌70毫克、盐酸二氧丙嗪1毫克、板蓝根浸膏粉250毫克。,24个月,1.本品为对症治疗药，用于止痛不得超过5天，用于解热不得超过3天，用于咳嗽不得超过7天，症状未缓解，请咨询医师或药师。 2.服用本品期间，不能同时服用含有与本品成分相似的其他抗感冒药。 3.肝肾功能不全者慎用。 4.当本品性状发生改变时禁用。 5.如服用过量或发生严重不良反应时应立即就医。 6.儿童必须在成人监护下使用。 7.请将此药品放在儿童不能接触的地方。8.服用本药期间不得饮酒或含有酒精的饮料。9.孕妇及哺乳期妇女慎用10.对本品过敏者禁用，过敏体质者慎用11.如正在使用其他药品，使用本品前请咨询医,11.00,河北恒利集团制药股份有限公司,口服。一次2片，一日3次,对本品成分过敏者禁用。,,本品为薄膜衣片，除去包衣后显棕褐色。,1.本品不应与含有酒精的饮料、巴比妥类、苯妥因、卡马西平及氯霉素同服。 2.与其他解热镇痛药同服有增加肾毒性的危险。 3.如与其他药物同时使用可能会发生药物相互作用，详情请咨询医师或药师。,,本品所含对乙酰氨基酚能抑制前列腺素合成，具有解热镇痛作用；盐酸二氧丙嗪具有镇咳祛痰、平喘、抗组胺作用；葡萄糖酸锌能增强吞噬细胞的吞噬能力；板蓝根浸膏粉有抗病毒作用。四者组成复方具有解热、镇痛、抗病毒和平喘作用。,12片,1.本品不应与含有酒精的饮料、巴比妥类、苯妥因、卡马西平及氯霉素同服。 2.与其他解热镇痛药同服有增加肾毒性的危险。 3.如与其他药物同时使用可能会发生药物相互作用，详情请咨询医师或药师。,用于由普通感冒或流行性感冒引起的鼻塞、流涕、发热、头痛、咳嗽、多痰等的对症治疗。,复方氨酚葡锌片
78,,尚不明确。,中药,常备用药,,每盒装10丸。,同仁堂,同仁堂 加味藿香正气丸,,广藿香、紫苏叶、白芷、白术(炒)、陈皮、半夏(制)、厚朴(姜制)、茯苓、桔梗、大腹皮、甘草。,60 月,1.忌烟、酒及辛辣、生冷、油腻食物。 2.不宜在服药期间同时服用滋补性中成药。 3.不适用于风热感冒，其表现为发热明显，微恶风，有汗，口渴，鼻流浊涕，咽喉肿痛，咳嗽咯吐黄痰。 4.高血压、心脏病、肝病、糖尿病、肾病等慢性病严重者应在医师指导下服用。 5.服药3天后或服药期间症状无改善，或症状加重，或出现新的严重症状如胸闷、心悸等应立即停药，并去医院就诊。 6.小儿、年老体弱者、孕妇应在医师指导下服用。 7.对本品过敏者禁用，过敏体质者慎用。 8.本品性状发生改变时禁止使用。 9.儿童必须在,16.00,北京同仁堂科技发展股份有限公司制药厂,口服。大蜜丸一次1-2丸，一日2-3次。,尚不明确。,,本品为深棕色的大蜜丸；气芳香，味微甘、苦。,,,,9g*10丸,密封,解表化湿，理气和中。用于外感风寒，内伤湿滞，头痛昏重，胸膈痞闷，脘腹胀痛，呕吐泄泻。,加味藿香正气丸
79,,尚不明确。,中药,新药特药,,药用塑料瓶装，200ml/瓶。,百神,百神 强力枇杷露,,枇杷叶、罂粟壳、百部、白前、桑白皮、桔梗、薄荷脑。,24个月。,1.忌烟、酒及辛辣、生冷、油腻食物。 2.不宜在服药期间同时服用滋补性中药。 3.有支气管扩张、肺脓疡、肺心病、肺结核患者出现咳嗽时应去医院就诊。 4.本品不宜长期服用，服药3天症状无缓解，应去医院就诊。 5.严格按用法用量服用，年老体弱者应在医师指导下服用。 6.对本品过敏者禁用，过敏体质者慎用。 7.本品性状发生改变时禁止使用。 8.请将本品放在儿童不能接触的地方。 9.如正在使用其他药品，使用本品前请咨询医师或药师。,16.00,江西百神药业股份有限公司,口服，一次15毫升，一日3次。,儿童、孕妇、哺乳期妇女禁用；糖尿病患者禁服。,,本品为淡棕色的澄清液体、气香，味甜。,尚不明确。,,,200ml,密封，防潮。,养阴敛肺，止咳祛痰。用于支气管炎咳嗽。,强力枇杷露
80,,尚不明确。,中药,常备用药,,5ml*6支。,森健,森健 羚羊角口服液,,羚羊角经加工制成的口服液。,三年,尚不明确。,30.00,牙克石市森健药业有限公司,口服，一次5ml，一日2次。,对本商品过敏禁用。,,本品为淡黄色透明液体，味特异，微甜。,尚不明确。,,,5ml*6支,密封。,平肝熄风，散血镇惊。用于高热及高热引起的头痛眩晕，神昏惊厥等症。,羚羊角口服液
81,,1.较常见的有恶心、呕吐、上腹部不适或疼痛等胃肠道反应。 2.较少见或罕见的有①胃肠道出血或溃疡，多见于大剂量服用本品的患者；②过敏性支气管哮喘；③皮疹、荨麻疹、皮肤瘙痒等；④血尿、眩晕和肝脏损害。,西药,常备用药,遵医嘱。,铝塑泡罩包装，每盒装20粒。,白云山,白云山 阿咖酚胶囊,遵医嘱。,本品为复方制剂，每粒含对乙酰氨基酚126mg、阿司匹林230mg、咖啡因30mg。,24个月,1.本品为对症治疗药，用于解热连续使用不超过3天，用于止痛不超过5天，症状未缓解请咨询医师或药师; 2.痛风、心功能不全、鼻出血、月经过多以及有溶血性贫血史者慎用; 　　 3.肝、肾功能不全者慎用; 　　 4.不能同时服用其他含有解热镇痛药的药品(如某些复方抗感冒药); 　　 5.服用本品期间不得饮酒或含有酒精的饮料; 　　 6.如服用过量或出现严重不良反应，应立即就医; 　　7.对本品过敏者禁用，过敏体质者慎用; 　　 8.本品性状发生改变时禁止使用; 　　 9.请将本品放在儿童不能接触的地,11.00,广州白云山制药股份有限公司白云山何济公制药厂,口服。成人一次1粒，若持续发热或疼痛，可间隔4-6小时重复用药一次，24小时内不超过4次。,1.孕妇、哺乳期妇女禁用; 　　 2.喘息、鼻息肉综合征、对阿司匹林及其他解热镇痛药过敏者禁用; 　　 3.血友病或血小板减少症患者禁用; 　　 4.活动性出血性疾病患者禁用; 　　 5.严重肝肾功能不全者禁用。,尚不明确。,"白色或类白色的粉末,味微酸苦,遇湿气易变质。",1.不宜与抗凝药（如双香豆素、肝素）同用。 2.本品与皮质激素类同用，可增加胃肠道不良反应。 3.本品不宜与氯霉素、巴比妥类、颠茄类药物同服。 4.如与其他药物同时使用可能会发生药物相互作用，详情请咨询医师或药师。,尚不明确。,本品中阿司匹林及对乙酰氨基酚均能抑制前列腺素合成，具有解热镇痛作用；咖啡因为中枢兴奋药，能增强药物的解热镇痛作用。,20粒,密封,用于普通感冒或流行性感冒引起的发热，也用于缓解轻至中度疼痛如头痛、关节痛、偏头痛、牙痛、肌肉痛、神经痛、痛经。,阿咖酚胶囊
82,,用药后发生儿童血尿的病例报道较多；其次为胃不适，烧灼感；此外尚有头痛、头晕、嗜睡。以及皮疹、心悸、胸闷、咽喉痛等不良反应。,西药,新药特药,,48片/盒。,白云山,白云山 氯芬黄敏片,,本品为复方制剂，其组份为每片含：双氯芬酸钠15mg，人工牛黄15mg，马来酸氯苯那敏2.5mg。,36个月。,1、本品可通过胎盘，妊娠期避免使用。2、小量氯苯那敏可由乳汁排出，并抑制泌乳。3、有肝、肾功能损害或溃疡病史者慎用，尤其是老年人。4、下列情况应慎用：膀胱颈部梗阻，幽门十二指肠梗阻 、心血管疾病、青光眼、高血压等。5、驾驶机动车辆、操作机械及高空作业者不宜服用。,13.00,广州白云山明兴制药有限公司,口服。一次1-2片，一日3次或遵医嘱。,1、对双氯芬酸钠，马来酸氯苯那敏以及人工牛黄过敏者禁用。2、新生儿或早产儿禁用。3、肝肾功能不全者禁用。4、已知对本品过敏者。,,本品为薄膜衣片，除去包衣后，显浅黄色。,1、与阿司匹林或其他水杨酸类药同用时，药效不增加而胃肠道不良反应及出血倾向发生率增高。2、本品可降低胰岛素和其他降糖药作用，使血糖升高。3、阿司匹林可降低本品的生物利用度。4、本品可增强金刚烷胺、抗胆碱药、吩噻嗪类以及抗拟交感神经药等的作用。5、本品和三环类抗抑郁药同时服用时，可使后者增效。,,,48片,密封保存（10-30℃）。,用于感冒引起的头痛、发热、鼻塞、流涕、咽痛、痰多等症。,氯芬黄敏片
83,,尚不明确。,中药,常备用药,,塑料瓶,仙阁,仙阁 润肺膏,,莱阳梨清膏、党参、黄芪(蜜炙)、紫菀(蜜炙)、百部(蜜炙)、川贝母。辅料为：蔗糖、蜂蜜。,36个月,1.忌食辛辣、油腻食物。 2.本品适用于气虚咳嗽，其表现为咳嗽短气，咳声低弱，痰吐稀薄，自汗畏风，体虚乏力。 3.支气管扩张、肺脓疡、肺心病、肺结核、糖尿病患者应在医师指导下服用。 4.服用一周病证无改善，应停止服用，去医院就诊。 5.服药期间，若患者出现寒热表现，或出现喘促气急者，或咳嗽加重，痰量明显增多者应到医院就诊。 6.长期服用，应向医师或药师咨询。 7.对本品过敏者禁用，过敏体质者慎用。 8.本品性状发生改变时禁止使用。 9.儿童必须在成人监护下使用。 详见说明书,28.00,山东润中药业有限公司,口服或开水冲服，一次15克，一日2次。,尚不明确。,,本品为深棕色的稠膏；味甜、微酸。,如与其他药物同时使用可能会发生药物相互作用，详情请咨询医师或药师。,,,200g,密闭，置阴凉干燥处,润肺益气，止咳化痰。用于肺虚气弱，胸闷不畅，久咳痰嗽，气喘自汗,润肺膏
84,,尚不明确。,中药,常备用药,,,老君炉,老君炉 四季感冒片(薄膜衣片),,,,1.忌烟、酒及辛辣、生冷、油腻食物。 2.不宜在服药期间同时服用滋补性中成药。 3.高血压、心脏病、肝病、糖尿病、肾病等慢性病严重者应在医师指导下服用。 4.服药三天后症状无改善，或症状加重，或出现新的严重症状如胸闷、心悸等应立即停药，并去医院就诊。 5.小儿、年老体弱者、孕妇应在医师指导下服用。 6.对本品过敏者禁用，过敏体质者慎用。 7.本品性状发生改变时禁止使用。 8.儿童必须在成人监护下使用。 9.请将本品放在儿童不能接触的地方。 10.如正在使用其他药品，使用本品前请咨询医师,9.00,长春人民药业集团有限公司,口服，一次3～5片，一日3次。,尚不明确。,,,如与其他药品一起服用可能会发生药物相互作用，详情请咨询医师或药师。,,,0.35g*20片,密封。,清热解表。用于四季风寒感冒引起的发热头痛，鼻流清涕，咳嗽口干，咽喉疼痛，恶心厌食。,四季感冒片
85,,,中药,常备用药,,,百神,百神 夏桑菊颗粒(低糖浓缩),,夏枯草、野菊花、桑叶。,18个月。,1.忌烟、酒及辛辣、生冷、油腻食物。 2.不宜在服药期间同时服用滋补性中成药。 3.风寒感冒者不适用，其表现为恶寒重，发热轻，无汗，头痛，鼻塞，流清涕，喉痒咳嗽。 4.高血压、心脏病、肝病、糖尿病、肾病等慢性病严重者应在医师指导下服用。 5.服药三天后症状无改善，或症状加重，或出现新的严重症状如胸闷、心悸等应立即停药，并去医院就诊。 6.小儿、年老体弱者、孕妇应在医师指导下服用。 7.脾胃虚寒，症见腹痛、喜暖、泄泻者慎用。 8.对本品过敏者禁用，过敏体质者慎用。 9.本品性状发生改变时禁止,20.00,江西百神药业股份有限公司,口服。一次10～20g，一日3次。,,,,,,,5g*20袋,,清肝明目，疏风散热，除湿痹，解疮毒。用于风热感冒，目赤头痛，高血压，头晕耳鸣，咽喉肿痛，疔疮肿毒等症，并可作清凉饮料。,夏桑菊颗粒
86,,尚不明确。,中药,常备用药,,6袋/盒。,德众,德众 玉屏风颗粒,,黄芪、防风、白术（麸炒）。辅料为：蔗糖、糊精。,36个月。,1.忌油腻食物。2.本品宜饭前服用。3.按照用法用量服用，小儿、孕妇、高血压、糖尿病患者应在医师指导下服用。4.服药二周或服药期间症状未明显改善，或症状加重者，应立即停药并到医院就诊。5.对本品过敏者禁用，过敏体质者慎用。6.本品性状发生改变时禁止使用。7.儿童必须在成人监护下使用。8.请将本品放在儿童不能接触的地方。9.如正在使用其他药品，使用本品前请咨询医师或药师。,24.00,广东环球制药有限公司,开水冲服，一次5克，一日3次。,尚不明确。,,本品为土黄色的颗粒；味甜，微辛。,未进行该项实验且无可靠参考文献。如与其他药物同时使用可能会发生药物相互作用，详情请咨询医师或药师。,,,5g*6袋,密封。,益气，固表，止汗。用于表虚不固，自汗恶风，面色白光白，或体虚易感风邪者。,玉屏风颗粒
87,,尚不明确。,中药,常备用药,,10ml*10支/盒。,福森,福森 双黄连口服液,,金银花、黄芩、连翘。,24个月。,1.忌烟、酒及辛辣、生冷、油腻食物。2.不宜在服药期间同时服用滋补性中药。3.风寒感冒者不适用。4.糖尿病患者及有高血压、心脏病、肝病、肾病等慢性病严重者应在医师指导下服用。5.儿童、孕妇、哺乳期妇女、年老体弱及脾虚便溏者应在医师指导下服用。6.发热体温超过38.5℃的患者，应去医院就诊。7.服药3天症状无缓解，应去医院就诊。8.对本品过敏者禁用，过敏体质者慎用。9.本品性状发生改变时禁止使用。10.儿童必须在成人监护下使用。11.请将本品放在儿童不能接触的地方。12.如正在使用其他药品，使用本品前请咨询,15.00,河南福森药业有限公司,口服，一次20毫升，一日3次；儿童酌减或遵医嘱。,尚不明确。,,本品为棕红色的澄清液体；味甜、微苦。,如与其他药物同时使用可能会发生药物相互作用，详情请咨询医师或药师。,,,10ml*10支,密封，遮光，置阴凉处。,疏风解表，清热解毒。用于外感风热所致的感冒，症见发热、咳嗽、咽痛。,双黄连口服液
88,,尚不明确。,中药,常备用药,,2.6g*9袋,天士力,天士力 藿香正气滴丸,,苍术、陈皮、厚朴（姜制）、白芷、茯苓、大腹皮、生半夏、干草浸膏、广藿香油、紫苏叶油。,36个月,1.饮食宜清淡。2.不宜在服药期间同时服用滋补性中成药。3.高血压、心脏病、肝病、糖尿病、肾病等慢性病严重者应在医师指导下服用。4.服药3天症状无缓解，应去医院就诊。5.按照用法用量服用，小儿、孕妇及年老体虚者应在医师指导下服用。6.对本品过敏者禁用，过敏体质者慎用。7.本品性状发生改变时禁止使用。8.儿童必须在成人监护下使用。9.请将本品放在儿童不能接触的地方。10.如正在使用其他药品，使用本品前请咨询医师或药师。,19.50,天津天士力制药股份有限公司,口服，一次1～2袋，一日2次。,对本品过敏者禁用。,,本品为包薄膜衣的滴丸，除去薄膜衣后显棕色至棕褐色的滴丸；气香、味辛、微甜、苦。,如与其他药物同时使用可能会发生药物相互作用，详情请咨询医师或药师。,,,2.6g*9袋,密封、,"解表化湿，理气和中。用于外感风寒,内伤湿滞,头痛昏重,脘腹胀痛，呕吐泄泻,胃肠型感冒。",藿香正气滴丸
89,,个别过敏体质者在使用过程中有时出现皮疹。,中药,常备用药,,,茂祥,茂祥 复方羊角片(糖衣片),,羊角川芎白芷制川乌,,过敏体质者及孕妇慎用。,10.80,通化茂祥制药有限公司,口服，一次5片，一日3次。,孕妇慎用。,,,如与其他药物同时使用可能会发生药物相互作用，详情请咨询医师或药师。,,,0.31g*12片*5板,,平肝，镇痛。用于偏头痛，血管性头痛，紧张性头痛及神经性头痛。,复方羊角片(糖衣片)
90,,在推荐的剂量下服药，无明显不良反应。,中药,常备用药,,铝塑泡罩包装，2板/盒。,云南白药,云丰 藿香正气胶囊,,广藿香、紫苏叶、白芷、白术（炒）、陈皮、法半夏、厚朴（姜制）、茯苓、桔梗、甘草、大腹皮、大枣、生姜。,36个月。,1、忌食生冷油腻不易消化食物。2、不适用于口干、舌红、手足心热者。3、小儿用法用量。请咨询医师或药师。4、服药三天症状无改善，或出现其他症状时，应立即停用并到医院诊治。5、对本品过敏者禁用，过敏体质者慎用。6、药品性状发生改变时禁止服用。7、儿童必须在成人监护下使用。8、请将此药品放在儿童不能接触的地方。9、如正在服用其他药品。使用本品前请咨询医师或药师。,9.00,云南白药集团股份有限公司,口服，一次3粒，一日2次。,忌食生冷油腻不易消化食物。,,本品为胶囊剂，内容物为棕褐色粉末；味微苦。,如与其他药物同时使用可能会发生药物相互作用，详情请咨询医师或药师。,,,0.3g*12粒*2板,密封。,解表化湿，理气和中。用于外感风寒，内伤湿滞，头痛昏重，胸膈痞闷，脘腹胀痛，呕吐泄泻。,藿香正气胶囊
91,,可见困倦、嗜睡、口渴、虚弱感。,中药,常备用药,,36片/盒。,好医生,好医生 桑姜感冒片,,桑叶、菊花、紫苏、连翘、苦杏仁、干姜。,18个月。,1、忌烟、酒及辛辣、生冷、油腻食物。2、适用于感冒初起，其表现为头痛、发热、怕风、咳嗽。3、有高血压、心脏病、肝病、肾病等慢性病严重者，或正在接受其他治疗的患者，应在医师指导下服用。4、服药三天后症状无改善，或出现发热咳融洽加重，呀并有其他严重症状出现，如胸闷、心悸等，应去医院就诊。5、小儿、年老体弱者应在医师指导下服用。6、对本品过敏者禁用，过敏体质者慎用。7、药品性状发生改变时禁止服用。8、儿童必须在成人监护下使用。9、请将此药品放在儿童不能接触的地方。10、如正在服用其他药品，使用本品前请咨询医师或,12.00,四川好医生攀西药业有限责任公司,口服，一次3～4片，一日3次。,服药期间，忌食辛辣。,,本品为糖衣片，除去糖衣后，显褐色；味苦。,如与其他药物同时使用可能会发生药物相互作用，详情请咨询医师或药师。,,,36片,密封，阴凉处。,散风清热，祛寒止咳。用于感冒，咳嗽，头痛，咽喉肿痛。,桑姜感冒片
92,,有时又轻度头晕、乏力、恶心、上腹不适、口干、食欲缺乏和皮疹等，可自行恢复。,西药,常备用药,,12粒/盒。,一力,一力 氨咖黄敏胶囊,,本品为复方制剂，每粒含对乙酰氨基酚250毫克，咖啡因15毫克，马来酸氯苯那敏1毫克，人工牛黄毫克。,24个月。,1、用药3～7天，症状未缓解，请咨询医师或药师。2、服用本品期间禁止饮酒或含有酒精的饮料。3、不能同时服用本品成分相似的其他抗感冒药。4、前列腺肥大、青光眼等患者以及年老人应在医师指导下使用。5、肝、肾功能不全者慎用。6、孕妇及哺乳期妇女慎用。7、驾驶机、车、船、从事高空作业、机械作业者工作期间慎用。8、如服用过量或发现严重不良反应，应立即就医。9、对本品过敏者禁用，过敏体质者慎用。10、当本品性状发生改变时禁用。11、请将此药品放在儿童不能接触的地方。12、儿童必须在成人监护下使用。13、如正在使用其他,4.50,广东一力集团制药有限公司,口服，成人，一次1～2粒，一日3次。,严重肝肾功能不全者禁用。,,本品为胶囊剂，内容物为红、黄、绿、白四色混合小丸。,1、本品不应与含有氯霉素、巴比妥类等同服。2、长期服用本品或与其他解热镇痛药同服有增加肾毒性之危险。3、如正在服用其他药品，使用本品前请咨询医师或药师。,,,12粒,密封，在阴凉处保存。,用于缓解普通感冒及流行性感冒引起的发热、头痛、四肢酸痛、打喷嚏、流鼻涕、鼻塞、咽痛等症状。,氨咖黄敏胶囊
93,,尚不明确。,中药,常备用药,,每盒装10袋。,冯了性,佛山 加味藿香正气丸,,广藿香、紫苏叶、白芷、白术(炒)、陈皮、半夏(制)、厚朴(姜制)、茯苓、桔梗、甘草、大腹皮、生姜、大枣。,48个月。,1、忌烟、酒及辛辣、生冷、油腻食物。2、不宜在服药期间同时服用滋补性中成药。3、不适用于风热感冒，其表现为发热明显，微恶风，有汗，口渴，鼻流浊涕，咽喉肿痛，咳嗽咯吐黄痰。4、高血压、心脏病、肝病、糖尿病、肾病等慢性病严重者应在医师指导下服用。5、服药3天后或服药期间症状无改善，或症状加重，或出现新的严重症状如胸闷、心悸等应立即停药，并去医院就诊。6、小儿、年老体弱者、孕妇应在医师指导下服用。7、对本品过敏者禁用，过敏体质者慎用。8、本品性状发生改变时禁止使用。9、儿童必须在成人监护下使用。10、请将本品放,6.00,佛山冯了性药业有限公司,口服。一次6克（1袋），一日2次。,尚不明确。,,本品为青黄色至棕黄色的浓缩丸；气芳香，味甘、微苦。,如与其他药物同时使用可能会发生药物相互作用，详情请咨询医师或药师。,,,3g*10袋,密闭，防潮。,解表化湿，理气和中。用于外感风寒，内伤湿滞，头痛昏重，胸膈痞闷，脘腹胀痛，呕吐泄泻。,加味藿香正气丸
94,,尚不明确。,中药,常备用药,,,颐圣,颐圣 止嗽立效丸(水蜜丸),,麻黄 苦杏仁(去皮炒) 石膏 甘草 葶苈子 罂粟壳 莱菔子。,36个月,运动员慎用。,19.00,山西黄河中药有限公司,一次1丸，一日2次,对本产品有效成分过敏者禁用,,本品为黑褐色的大蜜丸；味甜、微苦,如与其他药物可能发生相互作用，详情请咨询医生或药师,,,6g*6袋,密封,止嗽，定喘，祛痰。用于风寒咳嗽，喘急气促。,止嗽立效丸
95,,可见困倦、嗜睡、口渴、虚弱感；偶见皮疹、荨麻疹、药热及粒细胞减少；长期大量用药会导致肝肾功能异常。,中药,常备用药,,100片/瓶/盒。,一力,一力 复方感冒灵片,,金银花、五指柑、野菊花、三叉苦、南板蓝根、岗梅、对乙酰氨基酚、马来酸氨苯那敏、咖啡因。,24个月。,1、忌烟、酒及辛辣、生冷、油腻食物。2、不宜在服药期间同时服用滋补性中药。3、风寒感冒者不适用，其表现为恶寒重，发热轻，无汗，头痛，鼻塞，流清涕，喉痒咳嗽。4、本品含对乙酰氨基酚、马来酸氯苯那敏、咖啡因。服用本品期间不得饮酒或含有酒精的饮料；不能同时服用与本品成份相似的其他抗感冒药；肝、肾功能不全者慎用；膀胱颈梗阻、甲状腺功能亢进、青光眼、高血压和前列腺肥大者慎用；孕妇及哺乳期妇女慎用；服药期间不得驾驶机、车、船、从事高空作业、机械作业及操作精密仪器。5、心脏病、糖尿病等慢性病严重者应在医师指导下服用。,9.00,广东一力集团制药有限公司,口服，一次4片，一日3次，二天为一疗程。,严重肝肾功能不全者禁用。,,本品为双层片，一层为棕褐色，另一层为粉红色；味苦。,1、与其他解热镇痛药并用，有增加肾毒性的危险。2、如与其他药物同时使用可能会发生药物相互作用，详情请咨询医师或药师。 使用说明书请仔细阅读说明书并按说明使用或在药师指导下购买和使用。,,,0.23g*100片,密封。,辛凉解表，清热解毒。用于风热感冒之发热，微恶风寒，头身痛，口干而渴，鼻塞涕浊，咽喉红肿疼痛，咳嗽，痰黄粘稠。,复方感冒灵片
96,,尚不明确。,中药,常备用药,,复合膜袋装，每袋装12克，每盒装6袋。,同仁堂,同仁堂 感冒清热颗粒(含糖型),,荆芥穗、薄荷、防风、柴胡、紫苏叶、葛根、桔梗、苦杏仁、白芷、苦地丁、芦根。,36个月。,1、忌烟、酒及辛辣、生冷、油腻食物。 2、不宜在服药期间同时服用滋补性中药。 3、糖尿病患者及有高血压、心脏病、肝病、肾病等慢性病严重者应在医师指导下服用。 4、儿童、孕妇、哺乳期妇女、年老体弱者应在医师指导下服用。 5、发热体温超过38、5℃的患者，应去医院就诊。 6、服药3天症状无缓解，应去医院就诊。 7、对本品过敏者禁用，过敏体质者慎用。 8、本品性状发生改变时禁止使用。 9、儿童必须在成人监护下使用。 10、请将本品放在儿童不能接触的地方。 11、如正在使用其他药品，使用本品前,13.00,北京同仁堂科技发展股份有限公司制药厂,开水冲服，一次1袋，一日2次。,尚不明确。,,本品为棕黄色的颗粒，味甜、微苦；或为棕褐色的颗粒，味微苦（无糖型或乳糖型）。,如与其他药物同时使用可能会发生药物相互作用，详情请咨询医师或药师。,,,12g*6袋,密封。,疏风散寒，解表清热。用于风寒感冒，头痛发热，恶寒身痛，鼻流清涕，咳嗽咽干。,感冒清热颗粒
97,,有时有轻度头晕，乏力，恶心，上腹不适，口干。食欲缺乏和皮疹等，可自行恢复。,西药,常备用药,,10粒/盒。,仁和可立克,仁和可立克 复方氨酚烷胺胶囊,,本品为复方制剂，每粒含对乙酰氨基酚250mg、盐酸金刚烷胺100mg、人工牛黄10mg、咖啡因15mg、马来酸氯苯那敏2mg。,24个月。,1、药用3-7天，症状未缓解，请咨询医师或药师。2、服用本品期间不得饮酒或含有酒精的饮料。3、不能同时服用与本品成份相似的其他抗感冒药。4、前列腺肥大、青光眼等患者以及老年人应在医师指导下使用。5、肝功能不全、肾功能不全、脑血管病史、精神病史或癫痫病史患者慎用。6、孕妇及哺乳期妇女慎用。7、服药期间不得驾驶机、车、床、从事高空作业、机械作业及操作精密仪器。8、如果用过量或出现严重不良反应，应立即就医。9、对本品过敏者禁用，过敏体质者慎用。10、对本品形状发生改变时禁止使用。11、请将本品在儿童不能接触的地,9.00,江西铜鼓仁和药业有限公司,口服。成人，一次1粒，一日2次。,严重肝肾功能不全者禁用。,尚不明确。,本品为胶囊剂，内容物为淡黄色小丸。,1、与其他解热镇痛药同用，可增加肾毒性的危险。2、本品不宜与氯霉素、巴比妥类（如苯巴比妥）等比用。3、如与其他药物同时使用可能会发生药物相互作用，详情请咨询医师或药师。,,对乙酰氨基酚能抑制前列腺素合成，有解热镇痛的作用；金刚烷胺可抗“亚-甲型”流感病毒，抑制病毒繁殖；咖啡因为中枢兴奋药，能增加对乙酰氨基酚的解热镇痛效果，并能减轻其他药物所致的嗜睡、头晕等中枢抑制作用；马来酸氯苯那敏为抗过敏药，能减轻流涕、鼻塞、打喷嚏等症状；人工牛黄具有解热、镇惊作用。上述诸药配伍制成复方，可增强解热、镇痛效果，解除或改善感冒所引起的各种症状。,10粒,密封，在阴凉干燥处保存。,用于缓解普通感冒及流行性感冒引起的发热、头痛、四肢酸痛、打喷嚏、流鼻涕、鼻塞、咽喉痛等症状，也可用于流行性感冒的预防和治疗。,复方氨酚烷胺胶囊
98,,本品临床使用未见明显毒性反应，个别病例出现咽干、胃灼感、心悸、手发抖等副作用，均较轻微，不影响继续服药。,中药,常备用药,,100片/盒。,巨虹,花山 复方鱼腥草片,,鱼腥草、黄芩、板蓝根、连翘、金银花。,24个月。,1、忌服辛辣、刺激性食物、鱼腥食物。 2、不宜在服药期间同时服用温补性中成药。3、扁桃体化脓并全身高热等症状者应去医院诊治。4、服药三天后症状无改善，或出现其他症状，应去医院就诊。,5.00,广州巨虹药业有限公司,口服，一次4～6片，一日3次。,1、忌服辛辣、刺激性食物、鱼腥食物。 　　2、不宜在服药期间同时服用温补性中成药。 　　3、扁桃体化脓并全身高热等症状者应去医院诊治。 　　4、服药三天后症状无改善，或出现其他症状，应去医院就诊。,,本品为糖衣片，除去糖衣后显棕褐色；味微涩。,如与其他药物同时使用可能会发生药物相互作用，详情请咨询医师或药师。,,,100片,密封。,清热解毒。用于外感风热引起的咽喉疼痛、急性咽炎、扁桃腺炎有风热证候者。,复方鱼腥草片
99,,,中药,常备用药,,,叶开泰,叶开泰 健民咽喉片,,玄参，麦冬，蝉蜕，诃子，桔梗，板蓝根，胖大海，地黄，西青果，甜叶菊，甘草，薄荷油。,,1.忌烟酒、辛辣、鱼腥食物。2.不宜在服药期间同时服用滋补性中药。3.糖尿病患者及有高血压、心脏病、肝病、肾病等慢性病严重者应在医师指导下服用。4.儿童、孕妇、哺乳期妇女、年老体弱、脾虚便溏者应在医师指导下服用。5.服药3天症状无缓解，应去医院就诊。6.对本品过敏者禁用，过敏体质者慎用。7.本品性状发生改变时禁止使用。8.儿童必须在成人监护下使用。9.请将本品放在儿童不能接触的地方。10.如正在使用其他药品，使用本品前请咨询医师或药师。,19.50,健民药业集团股份有限公司,含服。一次2～4片（小片），每隔1小时1次。,,,,如与其他药物同时使用可能会发生药物相互作用，详情请咨询医师或药师。,,,24片,密封。,清利咽喉，养阴生津，解毒泻火。本品用于热盛津伤、热毒内盛所致的咽喉肿痛、失音及上呼吸道炎症。,健民咽喉片
100,,尚不明确。,中药,常备用药,,16袋/包。,葛仙翁,葛仙翁 消炎退热颗粒,,大青叶、蒲公英、紫花地丁、甘草。,24个月。,1.忌烟、酒及辛辣、生冷、油腻食物。2.不宜在服药期间同时服用滋补性中成药。3.风寒感冒者不适用，其表现为恶寒重，发热轻，无汗，头痛，鼻塞，流清涕，喉痒咳嗽。4.高血压、心脏病、肝病、糖尿病、肾病等慢性病严重者应在医师指导下服用。5.服药三天后症状无改善，或症状加重，或出现新的严重症状如胸闷、心悸等应立即停药，并去医院就诊。6.小儿、年老体弱者、孕妇应在医师指导下服用。7.脾胃虚寒，症见腹痛、喜暖、泄泻者慎用。8.对本品过敏者禁用，过敏体质者慎用。9.本品性状发生改变时禁止使用。10.儿童必须在成人监护下,7.50,桂林葛仙翁药业有限公司,开水冲服，一次10克，一日4次。,尚不明确。,,葛仙翁消炎退热颗粒为黄棕色颗粒：味甜，微苦。,如与其他药物同时使用可能会发生药物相互作用，详情请咨询医师或药师。,,,10G*16袋,密封。,清热解毒，凉血消肿。用于外感热病、热毒壅盛症，症见发热头痛、口干口渴、咽喉肿痛；上呼吸道感染见上述证候者，亦用于疮疖肿痛。,消炎退热颗粒
101,,尚不明确。,中药,常备用药,,10ml*10支/盒。,康必得,康必得 抗病毒口服液,,板蓝根、石膏、芦根、地黄、郁金、知母、石菖蒲、广藿香、连翘。辅料为蜂蜜、蔗糖、苯甲酸钠。,30个月,1.忌烟、酒及辛辣、生冷、油腻食物。 2.不宜在服药期间同时服用滋补性中药。 3.适用于风热感冒症见：发热，微恶风，有汗，口渴，鼻流浊涕，咽喉肿痛，咳吐黄痰。 4.发高烧体温超过38.5℃的患者，请上医院就诊；脾胃虚寒泄泻者慎服。 5.高血压、心脏病、肝病、糖尿病、肾病等慢性病严重者应在医师指导下服用。 6.本品不宜长期服用，服药3天症状无缓解，应去医院就诊。 7.严格按用法用量服用，儿童、年老体弱者应在医师指导下服用。 8.对本品过敏者禁用，过敏体质者慎用。 9.本品性状发生改变时禁止使用。 10.儿童必须在成人监护下使用。 11.请将本品放在儿童不能接触的地方。 12.如正在使用其他药品，使用本品前请咨询医师或药师。,25.00,河北恒利集团制药股份有限公司,口服，一次10毫升，一日2～3次(早饭前和午、晚饭后各服一次)。,孕妇、哺乳期妇女禁用。,,本品为棕红色液体；味辛、微苦。,如与其他药物同时使用可能会发生药物相互作用，详情请咨询医师或药师。,,,10ml*10支,如与其他药物同时使用可能会发生药物相互作用，详情请咨询医师或药师。,清热祛湿，凉血解毒。用于风热感冒，流感。,抗病毒口服液
102,,1、饮食宜清淡.服药期间不宜同时服用滋补性中成药。2、有高血压、心脏病、肝病、糖尿病、肾病等慢性病严重者、孕妇或正接受其它治疗的患者，均应在医师下指导下服用。3、服用三天后症状未改善，或出现吐泻明显，并有其他严重症状时应去医院就诊。,中药,常备用药,,蜡壳包装，每盒10丸。,冯了性,冯了性 加味藿香正气丸(大丸),,广藿香、紫苏叶、白芷、白术（炒）、陈皮、半夏（制）、厚朴（姜制）、茯苓、桔梗、大腹皮、甘草、生姜、大枣。辅料为：滑石粉、蜂蜜、糊精。,24个月。,1、忌烟、酒及辛辣、生冷、油腻食物。2、不宜在服药期间同时服用滋补性中成药。3、不适用于风热感冒，其表现为发热明显，微恶风，有汗，口渴，鼻流浊涕，咽喉肿痛，咳嗽咯吐黄痰。4、高血压、心脏病、肝病、糖尿病、肾病等慢性病严重者应在医师指导下服用。5、服药3天后或服药期间症状无改善，或症状加重，或出现新的严重症状如胸闷、心悸等应立即停药，并去医院就诊。6、小儿、年老体弱者、孕妇应在医师指导下服用。7、对本品过敏者禁用，过敏体质者慎用。8、药品性状发生改变时禁止服用。,11.00,国药集团冯了性(佛山)药业有限公司,口服，大蜜丸一次1～2丸，一日2～3次。,孕妇忌服。,,本品为棕褐色的大蜜丸；气微香，味微甘、苦。,如与其他药物同时使用可能会发生药物相互作用，详情请咨询医师或药师。,,,9g*10丸,密封。,解表化湿，理气和中。用于外感风寒，内伤湿滞，头痛昏重，胸膈痞闷，脘腹胀痛，呕吐泄泻。,加味藿香正气丸
103,,尚未明确。,中药,常备用药,,玻璃瓶装，每丸装10毫升，每盒装10丸。,同仁堂,同仁堂 儿童咳液,,紫菀、百部、枇杷叶、麻黄、苦杏仁、前胡、蓼大青叶、桔梗、甘草。辅料为：环糊精、蔗糖、甜菊糖、柠檬酸、薄荷油香精、防腐剂（苯甲酸钠）。,36个月。,1、忌食生冷辛辣食物。2、服用本药时不宜同时服用滋补性中成药。3、按照用法用量服用，服药三天症状无改善者，应及时去医院就诊。4、对本品过敏者禁用，过敏体质者慎用。5、本品性状发生改变时禁止使用。6、儿童必须在成人监护下使用。7、请将本品放在儿童不能接触的地方。8、如正在使用其他药品，使用本品前请咨询医师或药师。,46.00,北京同仁堂科技发展股份有限公司制药厂,口服，1-3岁一次半支，4岁以上一次1支，一日4次。,尚未明确。,,本品为红棕色的液体；味甘、微苦。,如与其他药物同时使用可能会发生药物相互作用，详情请咨询医师或药师。,,,10ml*10支,密封，置阴凉处。,清热润肺，祛痰止咳。用于咳嗽气喘，吐痰黄稠或咳痰不爽，咽干喉痛。,儿童咳液
104,,尚不明确。,中药,常备用药,,10ml*10支/盒。,君泰,君泰 双黄连口服液,,金银花、黄芩、连翘。,24个月。,1.忌烟、酒及辛辣、生冷、油腻食物。2.不宜在服药期间同时服用滋补性中药。3.风寒感冒者不适用。4.糖尿病患者及有高血压、心脏病、肝病、肾病等慢性病严重者应在医师指导下服用。5.儿童、孕妇、哺乳期妇女、年老体弱及脾虚便溏者应在医师指导下服用。6.发热体温超过38.5℃的患者，应去医院就诊。7.服药3天症状无缓解，应去医院就诊。8.对本品过敏者禁用，过敏体质者慎用。9.本品性状发生改变时禁止使用。10.儿童必须在成人监护下使用。11.请将本品放在儿童不能接触的地方。12.如正在使用其他药品，使用本品前请咨询,16.00,东莞市亚洲制药有限公司,口服，一次20毫升，一日3次，儿童酌减或遵医嘱。,尚不明确。,,本品为棕红色的澄清液体；味甜、微苦。,如与其他药物同时使用可能会发生药物相互作用，详情请咨询医师或药师。,,,10ml*10支,密封，遮光，置阴凉处。,疏风解表，清热解毒。用于外感风热所致的感冒，症见发热、咳嗽、咽痛。,双黄连口服液
105,,1、饮食宜清淡.服药期间不宜同时服用滋补性中成药。2、有高血压、心脏病、肝病、糖尿病、肾病等慢性病严重者、孕妇或正接受其它治疗的患者，均应在医师下指导下服用。3、服用三天后症状未改善，或出现吐泻明显，并有其他严重症状时应去医院就诊。,中药,常备用药,,复合膜袋，每袋装6克，每盒装6袋。,白云山,白云山 加味藿香正气丸,,广藿香、紫苏叶、白芷、白术(炒)、陈皮、半夏(制) 、厚朴(姜制)、茯苓、桔梗、甘草、大腹皮。,24个月。,1、忌烟、酒及辛辣、生冷、油腻食物。2、不宜在服药期间同时服用滋补性中成药。3、不适用于风热感冒，其表现为发热明显，微恶风，有汗，口渴，鼻流浊涕，咽喉肿痛，咳嗽咯吐黄痰。4、高血压、心脏病、肝病、糖尿病、肾病等慢性病严重者应在医师指导下服用。5、服药3天后或服药期间症状无改善，或症状加重，或出现新的严重症状如胸闷、心悸等应立即停药，并去医院就诊。6、小儿、年老体弱者、孕妇应在医师指导下服用。7、对本品过敏者禁用，过敏体质者慎用。8、药品性状发生改变时禁止服用。,8.00,广州白云山和记黄埔中药有限公司,口服，大蜜丸一次1～2丸，一日2～3次。,孕妇忌服。,,本品为青黄色至棕黄色的浓缩丸；气芳香，味甘、微苦。,如与其他药物同时使用可能会发生药物相互作用，详情请咨询医师或药师。,,,6g*6袋,密封。,能解表化湿，理气和中。用于外感风寒，内伤湿滞，头痛昏重，胸膈痞闷，脘腹胀痛，呕吐泄泻。,加味藿香正气丸
106,,尚未明确。,中药,常备用药,,,旺方,旺方 感冒止咳胶囊,,柴胡、葛根、金银花、连翘、黄芩、青蒿、苦杏仁、桔梗、薄荷脑。,24 月,1.忌烟、酒及辛辣、生冷、油腻食物。 2.不宜在服药期间同时服用滋补性中成药。 3.风寒感冒者不适用，其表现为恶寒重，发热轻，无汗，头痛，鼻塞，流清涕，喉痒咳嗽。 4.高血压、心脏病、肝病、肾病等慢性病严重者应在医师指导下服用。 5.服药三天后症状无改善，或症状加重，或出现新的严重症状如胸闷、心悸等应立即停药，并去医院就诊。 6.小儿、年老体弱者、孕妇应在医师指导下服用。 7.脾胃虚寒，症见腹痛、喜暖、泄泻者慎用。 8.糖尿病患者慎用。 9.对本品过敏者禁用，过敏体质者慎用。 10.药品性状发生改变时禁,16.00,广东万方制药有限公司,口服。一次2粒，一日3次。,尚未明确。,,本品为硬胶囊，内容物为棕褐色的颗粒；气想，味微苦。,如与其他药物同时使用可能会发生药物相互作用，详情请咨询医师或药师。,,,0.5g*12粒,遮光，密封保存。,清热解表，止咳、化痰。用于感冒发热，头痛鼻塞，伤风咳嗽，咽喉肿痛，四肢怠倦，流行性感冒。,感冒止咳胶囊
107,,尚不明确。,中药,常备用药,,,济仁,济仁 橘红痰咳颗粒,,化橘红、苦杏仁、百部、水半夏、白前、茯苓、五味子、甘草。辅料为柠檬酸、蔗糖、糊精。,详见说明书,详见说明书,18.00,黑龙江省济仁药业有限公司,开水冲服，一次10～20克，一日3次。,尚不明确。,,本品为淡棕黄色的颗粒；味甜、微苦。,如与其他药物同时使用可能会发生药物相互作用，详情请咨询医师或药师。,,,10g*12袋,密封。,济仁橘红痰咳颗粒功效：理气祛痰，润肺止咳。用于感冒、咽喉炎引起的痰多咳嗽，气喘。,橘红痰咳颗粒
108,,用药后发生儿童血尿的病例报道较多；其次为胃不适，烧灼感；此外尚有头痛、头晕、嗜睡。以及皮疹、心悸、胸闷、咽喉痛等不良反应。,西药,常备用药,,白色塑料瓶，每瓶50片。,白云山,白云山 氯芬黄敏片,,本品为复方制剂，其组份为：每片含双氯芬酸钠15毫克、人工牛黄15毫克、马来酸氯苯那敏2.5毫克。,36个月。,1、本品可通过胎盘，妊娠期避免使用。2、小量氯苯那敏可由乳汁排出，并抑制泌乳。3、有肝、肾功能损害或溃疡病史者慎用，尤其是老年人。4、下列情况应慎用：膀胱颈部梗阻，幽门十二指肠梗阻 、心血管疾病、青光眼、高血压等。5、驾驶机动车辆、操作机械及高空作业者不宜服用。,12.00,广州白云山明兴制药有限公司,口服。一次1-2片，一日3次或遵医嘱。,1、对双氯芬酸钠，马来酸氯苯那敏以及人工牛黄过敏者禁用。2、新生儿或早产儿禁用。3、肝肾功能不全者禁用。4、已知对本品过敏者。,,本品为薄膜衣片，除去包衣后，显浅黄色。,1、与阿司匹林或其他水杨酸类药同用时，药效不增加而胃肠道不良反应及出血倾向发生率增高。2、本品可降低胰岛素和其他降糖药作用，使血糖升高。3、阿司匹林可降低本品的生物利用度。4、本品可增强金刚烷胺、抗胆碱药、吩噻嗪类以及抗拟交感神经药等的作用。5、本品和三环类抗抑郁药同时服用时，可使后者增效。,,,50片,密封保存（10-30℃）。,用于感冒引起的头痛、发热、鼻塞、流涕、咽痛、痰多等症。,氯芬黄敏片
109,,偶见皮疹、荨麻疹、药热及粒细胞减少。长期大量用药会导致肝肾功能异常。,西药,常备用药,,6片/盒。,泰诺林,泰诺林 对乙酰氨基酚缓释片,,本品每片含主要成份对乙酰氨基酚0.65克。,36个月。,1、不推荐12岁以下儿童使用本品。2、应整片服用，不得碾碎或溶解后服用。3、本品为对症治疗药，用于解热连续使用不超过3天，用于止痛不超过5天，症状未缓解请咨询医师或药师。4、对阿司匹林过敏者慎用。5、不能同时服用其他含有解热镇痛药的药品（如某些复方抗感冒药）。6、肝肾功能不全者慎用。7、孕妇及哺乳期妇女慎用。8、服用本品期间不得饮酒或含有酒精的饮料。9、对本品过敏者禁用，过敏体质者慎用。10、本品性状发生改变时禁止使用。11、请将本品放在儿童不能接触的地方。12、如正在使用其他药品，使用本品前请咨询医师或,8.00,上海强生制药有限公司,口服。成人一次1-2片，12-18岁儿童一次1片，若持续发热或疼痛，每8小食不超过3次。,肝肾功能不全者禁用。,,本品为白色薄膜衣异型片，除去薄膜衣显白色或类白色。,1、应用巴比妥类（如苯巴比妥）或解痉药（如颠茄）的患者，长期应用本品可致肝损害。2、本品与氯霉素同服，可增强后者的毒性。3、如与其他药物同时使用可能会发生药物相互作用，详情请咨询医师或药师。,,,0.65g*6片,避光、密闭保存。,用于儿童普通感冒或流行性感冒引起的发热，也用于缓解轻至中度疼痛如头痛、关节痛、偏头痛、牙痛、肌肉痛、神经痛。,对乙酰氨基酚缓释片
110,,,中药,营养保健,,6g*20袋/包。,安药,安药 午时茶颗粒,,苍术、柴胡、羌活、防风、白芷、川芎、广藿香、前胡、连翘、陈皮、山楂、枳实、麦芽(炒)、甘草、桔梗、六神曲(炒)、紫苏叶、厚朴、红茶。,36个月。,1、忌烟、酒及辛辣、生冷、油腻食物。2、风热感冒者不适用。3、糖尿病患者及有高血压、心脏病、肝病、肾病等慢性病严重者应在医师指导下服用。4、儿童、孕妇、哺乳期妇女、年老体弱者应在医师指导下服用。5、发热体温超过38.5℃的患者，应去医院就诊。6、吐泻严重者应及时去医院就诊。7、服药3天症状无缓解，应去医院就诊。8、对本品过敏者禁用，过敏体质者慎用。9、本品性状发生改变时禁止使用。10、儿童必须在成人监护下使用。11、请将本品放在儿童不能接触的地方。12、如正在使用其他药品，使用本品前请咨询医师或药师。,16.00,湖北午时药业股份有限公司,开水冲服，一次6g，一日1～2次。,,,,,,,6g*20袋,密封。,解表和中。用于感受风寒，内伤食积，寒热吐泻。,午时茶颗粒
111,,如有少量轻摇易散的沉淀，请摇均服用。,中药,常备用药,,,江西民济,江西民济 鲜竹沥,,鲜竹沥。,,尚不明确。,5.30,江西民济药业有限公司,口服，1次20ml，1日2～3次。,尚不明确。,,,如与其他药物同时使用可能会发生药物相互作用，详情其咨询医师或药师。,,,10ml*6支,密封，防潮。,清热化痰。用于肺热咳嗽痰多，气喘胸闷，中风舌强，痰涎壅盛，小儿痰热惊风。,鲜竹沥
112,,尚不明确。,缺失数据,常备用药,,玻璃瓶包装，每盒装12支。,海底,海底椰露止咳合剂,,鱼腥草、椰子浆、蒺藜、浙贝母、苦杏仁、桔梗、甘草、薄荷脑。辅料为：蜂蜜，苯甲酸钠。,24个月。,1、忌烟、酒及辛辣、生冷、油腻食物。 2、不宜在服药期间同时服用滋补性中药。 3、有支气管扩张、肺脓疡、肺心病、肺结核患者出现咳嗽时应去医院就诊。 4、服药3天症状无缓解，应去医院就诊。 5、儿童、年老体弱者及糖尿病患者应在医师指导下服用。 6、对本品过敏者禁用，过敏体质者慎用。 7、药品性状发生改变时禁止服用。 8、儿童必须在成人监护下使用。 9、请将此药品放在儿童不能接触的地方。 10、如正在服用其他药品，使用本品前请咨询医师或药师。,34.00,深圳惠民制药有限公司,口服，一次20毫升，一日3次；儿童减半。,孕妇禁用。,,本品为棕褐色的液体;具薄荷香气，味甜、微苦。,如与其他药物同时使用可能会发生药物相互作用，详情请咨询医师或药师。,,,12支*10ml,密封，置阴凉处（不超过20℃）。,清肺化痰，止咳利咽。用于肺热久咳挟风所致的咳嗽痰稠，咽痒，喉痛，口干。,海底椰露止咳合剂
113,,偶见轻度消化不良，皮疹、头痛及转氨酶升高等，也有引起胃肠道出血而加重溃疡的报道。,西药,常备用药,,30ml/瓶。,托恩,托恩 布洛芬混悬液,,本品主要成份为：布洛芬。其化学名称为：2-(4-异丁基苯基)丙酸。,24个月。,1、肠胃病患者慎用。2、有支气管哮喘病史患者，可能会引起支气管痉挛。3、并用抗凝血药的患者，服药的最初几日应随时监测其凝血酶原时间。4、对其他抗风湿药物耐受性差者可能对本品有良好耐受性。5、心功能不全及原发性高血压病患者慎用。6、连续服用3天发热不退时，应请医生诊治。,11.00,天大药业(珠海)有限公司,口服，成人一次15-20毫升，一日3-4次。12岁以下小儿用量详见说明书。,1、活动性消化道溃疡者禁用。2、对本药过敏者、因服用阿司匹林和其他非类固醇类抗炎药诱发哮喘、鼻炎或荨麻疹的患者禁用。,本品口服吸收好，服药后1小时血药浓度达峰值，血浆消除半衰期为2小时左右，血浆蛋白结合率为99%，本品在肝内代谢，60—90%经肾由尿排出，其中约1%为原形物，一部分随粪便排出。,本品为橙色混悬液；味甜。,1、本品与其他解热、镇痛、抗炎药物同用时可增加胃肠道的不良反应，并可能导致溃疡。2、本品与肝素、双香豆素等抗凝药同用时，可导致凝血酶原时间延长，增加出血倾向。3、本品与地高辛、甲氨蝶呤、口服降血糖药物同用时，能使这些药物的血药浓度增高，不宜同用。4、本品与呋塞米（呋喃苯胺酸）同用时，后者的排钠和降压作用减弱；与抗高血压药同用时，也降低后者的降压效果。5、如与其他药物同时使用可能会发生药物相互作用，详情请咨询医师或药师。,,非甾体类解热镇痛消炎药，作用机制是抑制前列腺素的合成，从而发挥解热、镇痛、消炎作用。,30ml,密封，在阴凉处保存。,本品为非甾体类抗炎药，有解热，镇痛及抗炎作用，主要用于儿童普通感冒或流行性感冒引起的发热。也用于缓解儿童轻至中度疼痛，如头痛、关节痛、偏头痛、牙痛、肌肉痛、神经痛、痛经。,布洛芬混悬液
114,,尚不明确,中药,常备用药,,复合膜袋装,同仁堂,同仁堂 板蓝根颗粒(有糖型),,板蓝根,36个月,1.忌烟、酒及辛辣、生冷、油腻食物。 2.不宜在服药期间同时服用液补性中成药。 3.风寒感冒者不适用，其表现为恶寒重，发热轻，无汗，鼻塞流清涕，口不渴，咳吐稀白痰。 4.有高血压、心脏病、肝病、糖尿病、肾病等慢性病严重者、孕妇或正在接受其它治疗的患者，均应在医师指导下服用。 5.服药三天后，症状无改善，或出现发热咳嗽加重，并有其他症状如胸闷、心悸等时应去医院就诊。 6.按照用法用量服用，小儿、年老体虚者应在医师指导下服用。 7.连续服用应向医师咨询。 详见说明书,11.00,北京同仁堂科技发展股份有限公司制药厂,口服，一次1-2袋，一日3-4次。,尚不明确,,本品为棕色或棕褐色的颗粒；味甜，微苦。,,,,5g*10袋,密封,清热解毒。用于病 毒性感冒，咽喉肿痛。,板蓝根颗粒(有糖型)
115,,,中药,常备用药,,,石药,石药 风热感冒颗粒,,板蓝根、连翘、薄荷、荆芥穗、桑叶、芦根、牛蒡子、菊花、苦杏仁、桑枝、六神曲。辅料为蔗糖、糊精。,36个月,1.忌烟、酒及辛辣、生冷、油腻食物。2.不宜在服用风热感冒颗粒期间同时服用滋补性中成药。3.风寒感冒者不适用，其表现为恶寒重，发热轻，无汗，鼻塞流清涕，口不渴，咳吐稀白痰。4.糖尿病患者及有高血压、心脏病、肝病、肾病等慢性病严重者、孕妇或正在接受其它治疗的患者，均应在医师指导下服用。5.服药三天后症状无改善，或出现发热咳嗽加重，并有其他症状如胸闷、心悸等时应去医院就诊。6.按照用法用量服用，小儿、年老体虚者应在医师指导下服用。7.连续服用应向医师咨询。8.对本品过敏者禁用，过敏体质者慎用。9.本品性状发生,18.00,吉林龙泰制药股份有限公司,口服，一次1袋，一日3次。,,,本品为棕褐色颗粒；气芳香，味甘，微苦。,如与其他药物同时使用可能会发生药物相互作用，详情请咨询医师或药师。,,,10g*12袋,密闭防潮。,疏风清热，利咽解毒。用于风热感冒，发热，有汗，鼻塞，头痛，咽痛，咳嗽，多痰。,风热感冒颗粒
116,,,中药,常备用药,,铝塑包装，每板12粒，每盒2板。,三精,三精 四季感冒胶囊,,桔梗，紫苏叶，陈皮，荆芥等。,18 月,1.忌烟、酒及辛辣、生冷、油腻食物。 　　 2.不宜在服药期间同时服用滋补性中成药。 　　 3.高血压、心脏病、肝病、糖尿病、肾病等慢性病严重者应在医师指导下服用。 　　 4.服药三天后症状无改善，或症状加重，或出现新的严重症状如胸闷、心悸等应立即停药，并去医院就诊。 　　 5.小儿、年老体弱者、孕妇应在医师指导下服用。 　　 6.对本品过敏者禁用，过敏体质者慎用。 　　 7.本品性状发生改变时禁止使用。 　　 8.儿童必须在成人监护下使用。 　　 9.请将本品放在儿童不能接触的地方。,8.50,哈药集团三精千鹤制药有限公司,口服，一次3~5粒，一日3次。,,,本品为胶囊剂，内容物为棕色至褐色颗粒及粉末，伴有白色至淡黄色粉末；味微苦、涩。,,,,0.35g*24粒,密封。,,四季感冒胶囊
117,,,中药,常备用药,,,久欣,久欣 小青龙颗粒,,麻黄、桂枝、干姜、细辛、法半夏、五味子、白芍、炙甘草。,24个月,1 忌烟、酒及辛辣、生冷、油腻食物。 2 不宜在服药期间同时服用滋补性中药。 3 内热咳喘及虚喘者不适用。 4 支气管扩张、肺脓疡、肺心病、肺结核患者出现咳嗽时应去医院就诊。 5 高血压、心脏病患者慎用。有肝病、糖尿病、肾病等慢性病严重者应在医师指导下服用。 6 儿童、孕妇、哺乳期妇女、年老体弱者应在医师指导下服用。 7 服药期间，若患者发热体温超过38.5℃，或出现喘促气急者，或咳嗽加重、痰量明显增多者应去医院就诊。 8 严格按用法用量服用，本品不宜长期服用。 9 用药,13.00,四川泰乐制药有限公司,开水冲服。一次6克（无糖型）或一次13克（含糖型），一日3次。,,,本品为浅棕色至棕色颗粒；气微香，味甜、微辛。,"如与其他药物同时使用可能会发生药物相互作用,详情请咨询医师或药师。",,,13g*6袋/盒,密封。,解表化饮，止咳平喘。用于风寒水饮，恶寒发热，无汗，喘咳痰稀。,小青龙颗粒
118,,,中药,常备用药,,40s/盒。,同仁堂,同仁堂 银翘解毒片,,金银花、连翘、薄荷、荆芥、淡豆鼓、牛蒡厂(炒)、桔梗、淡竹叶、甘草。辅料为淀粉、羧甲基淀粉钠、硬脂酸镁、滑厂粉、薄膜包衣预混剂。,24个月。,,15.30,北京同仁堂科技发展股份有限公司制药厂,口服，一次4片，一日2～3次。,,,为浅棕色至棕褐色的片；气芳香，味苦、辛。,,,,40粒,密封,用于风热感冒，发热头痛，咳嗽，口干，咽喉疼痛。,银翘解毒片
119,,,中药,常备用药,,,百灵鸟,百灵鸟 感清糖浆,,马兰草、铁筷子、石吊兰、蓝布正、木芙蓉叶、紫苏、荆芥、薄荷脑,24个月,1．忌烟、酒及辛辣、生冷、油腻食物。2．不宜在服药期间同时服用滋补性中药。3．风热感冒者不适用，其表现为发热明显，微恶风，有汗，口渴，鼻流浊涕，咽喉肿痛，咳吐黄痰。4．高血压、心脏病、肝病、肾病等慢性病严重者应在医师指导下服用。5．本品久置后会有少量沉淀，摇匀后使用。6．儿童、年老体弱者、孕妇应在医师指导下服用。7．服药3天症状无缓解，应去医院就诊。8．对本品过敏者禁用，过敏体质者慎用。9．药品性状发生改变时禁止服用。10．儿童必须在成人的监护下使用。11．请将此药品放在儿童不能接触的地方。12．如正在服,16.80,贵州百灵企业集团制药股份有限公司,口服，一次20毫升，一日3次。,糖尿病患者禁服。,,糖浆剂,,,,100ml,密封、置阴凉干燥处,"清热解毒,疏风解表。用于上呼吸道感染、急性扁桃体炎、咽喉炎属外感风热、热毒壅盛证，症见发热、咽喉肿痛",感清糖浆
120,,尚未明确。,中药,处方药,,复合膜袋装，每袋装6g，每盒10袋。,同仁堂,同仁堂 银翘解毒丸,,金银花、连翘、薄荷、荆芥、淡豆鼓、牛蒡子、桔梗、淡竹叶、甘草。,24个月。,详见说明书。,16.00,北京同仁堂科技发展股份有限公司制药厂,口服，一次6g（1袋），一日2~3次，以芦根汤或温开水送服。,尚未明确。,,本品为棕褐色的水蜜丸，气芳香，味微甜而苦、辛。,详见说明书。,,,6g*10袋,密闭，防潮。,辛凉解表，清热解毒。用于风热感冒，发热头痛，咳嗽，口干，咽喉疼痛。,银翘解毒丸
121,,尚不明确。,中药,常备用药,,,东格尔,东格尔 二十五味阿魏胶囊,,阿魏、牦牛心、肉豆蔻、丁香、肉桂、山奈、荜茇、胡椒、安息香、乳香、石榴子、大蒜(炭)、豆蔻、铁棒锤、诃子(去核)、藏茴香、沉香、兔心、木香、土木香、宽筋藤、紫草茸、黑冰片(炭)、光明盐。,36个月,忌生冷、辛辣等刺激性食物。,80.00,东格尔药业有限公司,口服，一次3粒，一日2次。,尚不明确。,,本品为胶囊剂，内容物为灰褐色粉末；气腥、味微辛。,,,,0.3g*24粒,密封,祛风镇静。用于五脏六腑的龙病，肌肤，筋腱，骨头的隆病，维命隆等内外一切隆病。,二十五味阿魏胶囊
122,,尚不明确。,中药,新药特药,,4gx10袋/盒。,同仁堂,同仁堂 加味感冒丸,,淡豆鼓、桔梗、忍冬藤、金银花、蔓荆子(炒)、蝉蜕、赤小豆、佩兰、栀子(姜炙)、枳壳(麸炒)、连翘、白芷、苦杏仁(炒)、天花粉、陈皮(炒)、淡竹叶、芦根、荆芥穗、薄荷、赤芍、石膏、甘草、白茅根、防风、黄芩、菊花、桑叶、紫菀、紫苏子(炒)、青蒿、莱菔子(炒)、化橘红、建曲、马齿苋、牛蒡子(炒)、板蓝根、苍耳子(去刺炒)、麻黄、桑白皮(蜜炙)、僵蚕(麸炒)、蓼大青叶。,36个月。,详见说明书。,25.00,北京同仁堂股份有限公司同仁堂制药厂,口服，一次1袋，一日2次。,尚不明确。,,本品为绿褐色的大蜜丸；气微香，味苦。,,,,4*10袋,密封。,清热散风，解表止嗽。用于内热外感引起的头痛，怕冷发热，咳嗽流涕，咽喉疼痛，四肢酸懒。,加味感冒丸
123,,一般用于解热镇痛的剂量很少引起不良反应。长期大量用药（如治疗风湿热）、尤其当药物血药浓度＞200μg/ml时较易出现不良反应。（1）较常见的有恶心、呕吐、上腹部不适或疼痛等胃肠道反应，停药后多可消失。长期或大剂量服用可有胃肠道出血或溃疡。（2）中枢神经：出现可逆性耳鸣、听力下降，多在服用一定疗程，血药浓度达200～300μg/ml后出现。（3）过敏反应：表现为哮喘、荨麻疹、血管神经性水肿或休克。多为易感者，服药后迅速出现呼吸困难，严重者可致死亡，称为阿司匹林哮喘。有的是阿司匹林过敏、哮喘和鼻息肉三联征，往,西药,常备用药,,10片/板/盒。,巴米尔,巴米尔 阿司匹林泡腾片,,本品主要成份为：阿司匹林。其化学名称为：2-（乙酰氧基）苯甲酸。,24个月。,药片应完整服下；有效日期后不应服用；药品勿置于儿童可及之处。胃溃疡患者慎用。,7.00,阿斯利康制药有限公司,"放入温开水中溶解后服用。口服（1）成人，解热镇痛：一次0.5，一日1～4次。抗风湿：一次0.5～1g，一日3～4g。（2）儿童，解热镇痛：1～2岁，一次0.05～0.1g,一日3次；3～5岁，一次0.2～0.3g,一日3次；6～12岁，一次0.3～0.5g,一日3次。抗风湿：一日按体重0.08～0.1g/kg，分3～4次服。",下列情况应禁用：①活动性溃疡病或其他原因引起的消化道出血；②血友病或血小板减少症；③有阿司匹林或其他非甾体抗炎药过敏史者，尤其是出现哮喘、神经血管性水肿或休克者。3个月以下婴儿禁用。,口服后吸收迅速、完全，在胃内已开始吸收，在小肠上部可吸收大部分。吸收后，大部分在肝内水解为水杨酸，其血药峰溶度出现在口服后1～2小时，约为25～50μg/ml。水杨酸的血浆蛋白结合率为65%～90%。水杨酸盐结合率为65%～90%。可分布于全身各组织，也能渗入关节腔和脑脊液。水杨酸代谢成水杨尿酸及葡糖醛酸结合物，小部分氧化为龙胆酸。游离水杨酸及结合的代谢物从肾脏排泄。在碱性尿中排泄速度加快；本品可通过乳汁排泄。服用小剂量时，原形药的血浆半衰期15～20分钟，水杨酸血浆半衰期2～3小时。长期大剂量用药（如抗,本品为白色片。,（1）与其他非甾体抗炎镇痛药同用时疗效并不加强，因为本品可以降低其他非甾体抗炎药的生物利用度。再则胃肠道副作用（包括溃疡和出血）却增加；此外，由于对血小板聚集的抑制作用加强，还可增加其他部位出血的危险。本品与对乙酰氨基酚长期大量同用有引起肾脏病变包括：肾乳头坏死、肾癌或膀眺癌的可能。（2）与任何可引起低凝血酶原血症、血小板减少、血小板聚集功能降低或胃肠道溃疡出血的药物同用时，可有加重凝血障碍及引起出血的危险。（3）与抗凝药（双香豆素、肝素等）、溶栓药（链激酶、尿激酶）同用，可增加出血的危险。（4）尿碱化药,,本品为非甾体镇痛抗炎药。（1）镇痛作用：主要是通过抑制前列腺素及其其他能使痛觉对机械性或化学性刺激敏感的物质（如缓激肽、组胺）的合成，属于外周性镇痛药。但不能排除中枢镇痛（可能作用于下视丘）的可能性。（2）抗炎作用：确切的机制尚不清楚，可能由于本品作用于炎症组织，通过抑制前列腺素或其他能引起炎性反应的物质的合成而起抗炎作用。抑制溶酶体酶的释放及白细胞趋化性等也可能与其有关。（3）解热作用：可能通过作用于下视丘体温调节中枢引起外周血管扩张，皮肤血流增加，出汗，使散热增加而起解热作用。此种中枢作用可能与前列腺,0.5g*10片,密封，在干燥处保存。,用于普通感冒或流行性感冒引起的发热、也用于缓解轻至中度疼痛如头痛，关节痛，偏头痛，牙痛，肌肉痛，神经痛，痛经。,阿司匹林泡腾片
124,,,中药,常备用药,,8g*9袋,龙泰,龙泰 风寒感冒颗粒,,麻黄、葛根、紫苏叶、防风、桂枝、白芷、陈皮、苦杏仁、桔梗、甘草、干姜。,36个月,1.忌烟、酒及辛辣、生冷、油腻食物。 2.不宜在服药期间同时服用滋补性中成药。 3.风热感冒者不适用，其表现为发热重，微恶风，有汗，口渴，鼻流浊涕，咽喉红肿热痛，咳吐黄痰。 4.糖尿病患者及有高血压、心脏病、肝病、肾病等慢性病严重者、孕妇或正在接受其它治疗的患者，均应在医师指导下服用。 5.服药三天后症状无改善，或出现发热咳嗽加重，并有其他严重症状如胸闷、心悸等时应去医院就诊。 6.按照用法用量服用，小儿、年老体虚者应在医师指导下服用。 7.对本品过敏者禁用，过敏体质者慎用。 8.本品性状,29.80,吉林龙泰制药股份有限公司,口服，一次1袋，一日3次。,,,本品为棕褐色颗粒；气芳香，味香、微苦,如与其他药物同时使用可能会发生药物相互作用，详情请咨询医师或药师。,,,8g*9袋,密封，防潮。,解表发汗，疏风散寒。用于风寒感冒，发热，头痛，恶寒，无汗，咳嗽，鼻塞，流清涕。,风寒感冒颗粒
125,,偶见白细胞或血小板减少、厌食、恶心、呕吐、皮疹等不良反应。,西药,常备用药,,12粒/盒。,一正,一正康 复方银翘氨敏胶囊,,本品为复方制剂，每粒含对乙酰氨基酚113毫克、马来酸氯苯那敏1.13毫克、连翘挥发油0.00032毫升、薄荷油0.00116毫升、维生素C53.23毫克、银翘浸膏161.3毫克、荆芥挥发油0.00024毫升。,36个月。,1、用药3～7天，症状未缓解，请咨询医师或药师。2、不能同时服用与本品成份相似的其他抗感冒药。3、前列腺肥大和青光眼等患者以及老年人应在医师指导下使用。4、肝、肾功能不全者慎用。5、孕妇及哺乳期妇女慎用。6、服药期间不得驾驶机、车、船、从事高空作业、机械作业及操作精密仪器。7、禁烟、酒及辛辣、生冷、油腻食物。8、本品不适用于风寒感冒患者。9、儿童用量请咨询医师或药师。10、对本品过敏者禁用，过敏体质者慎用。11、本品性状发生改变时禁止使用。12、请将本品放在儿童不能接触的地方。13、儿童必须在成人监护下使,9.00,吉林一正药业集团有限公司,口服，成人一次2粒，一日3次。,严重肝肾功能不全者禁用。,,本品为胶囊剂，内容物为浅棕色至棕色粉末，味苦，微酸，有清凉感。,1、本品不应与巴比妥类、苯妥英钠及氯霉素同服。2、长期服用本品或与其他解热镇痛药同服有增加肾毒性之危险。3、如与其他药物同时使用可能会发生药物相互作用，详情请咨询医师或药师。,,,12粒,密封，在阴凉（不超过20℃）干燥处保存。,适用于缓解普通感冒及流行性感冒引起的发热、头痛、四肢酸痛、打喷嚏、流鼻涕、鼻塞、咽痛、咳嗽口干等症状。,复方银翘氨敏胶囊
126,,尚不明确。,中药,常备用药,,10ml*10支/盒。,太龙,太龙 双黄连口服液,,金银花、黄芩、连翘。,24个月。,1.忌烟、酒及辛辣、生冷、油腻食物。2.不宜在服药期间同时服用滋补性中药。3.风寒感冒者不适用。4.糖尿病患者及有高血压、心脏病、肝病、肾病等慢性病严重者应在医师指导下服用。5.儿童、孕妇、哺乳期妇女、年老体弱及脾虚便溏者应在医师指导下服用。6.发热体温超过38.5℃的患者，应去医院就诊。7.服药3天症状无缓解，应去医院就诊。8.对本品过敏者禁用，过敏体质者慎用。9.本品性状发生改变时禁止使用。10.儿童必须在成人监护下使用。11.请将本品放在儿童不能接触的地方。12.如正在使用其他药品，使用本品前请咨询,19.00,河南太龙药业股份有限公司,口服，一次20毫升，一日3次，儿童酌减或遵医嘱。,尚不明确。,,本品为棕红色的澄清液体，味甜、微苦。,如与其他药物同时使用可能会发生药物相互作用，详情请咨询医师或药师。,,,10ml*10支,密封，遮光，置阴凉处。,疏风解表，清热解毒。用于外感风热所致的感冒，症见发热、咳嗽、咽痛,双黄连口服液
127,,尚不明确。,中药,常备用药,,10ml*10支/盒。,新源,双黄连口服液,,金银花、黄芩、连翘。,24个月。,1、忌烟、酒及辛辣、生冷、油腻食物。2、不宜在服药期间同时服用滋补性中药。3、风寒感冒者不适用。4、糖尿病患者及有高血压、心脏病、肝病、肾病等慢性病严重者应在医师指导下服用。5、儿童、孕妇、哺乳期妇女、年老体弱及脾虚便溏者应在医师指导下服用。6、发热体温超过38.5℃的患者，应去医院就诊。7、服药3天症状无缓解，应去医院就诊。8、对本品过敏者禁用，过敏体质者慎用。9、本品性状发生改变时禁止使用。10、儿童必须在成人监护下使用。11、请将本品放在儿童不能接触的地方。12、如正在使用其他药品，使用本品前请咨询,19.00,南阳市新生制药有限公司,口服，一次20毫升，一日3次；儿童酌减或遵医嘱。,尚不明确。,,本品为棕红色的澄清液体；味甜、微苦。,如与其他药物同时使用可能会发生药物相互作用，详情请咨询医师或药师。,,,10ml*10支,密封，遮光，置阴凉处。,疏风解表，清热解毒。用于外感风热所致的感冒，症见发热、咳嗽、咽痛。,双黄连口服液
128,,主要有胃灼热、恶心、胃痛，但症状都很轻微、暂短，很少需要中断治疗。极少情况下出现过敏性皮疹。即使使用尼美舒利未产生上述不良反应，也须注意到本品如同其它非甾体消炎药一样，可能产生头晕、嗜睡、胃溃疡或肠胃出血以及史蒂文斯--约翰逊（Stevens-Johnson）综合征。,西药,常备用药,禁止12岁以下儿童使用。,药品包装用铝箔/聚氯乙烯固体药用硬片包装，6片/盒；10片/盒；12片/盒；20片/盒；30片/盒。,力美松,力美松 尼美舒利分散片,尼美舒利同所有的新药一样，在尚无试验证实尼美舒利对胎儿是否有毒性，并不建议在妊娠期间使用。尚未证实尼美舒利是否通过母乳排出体外，同样不建议哺乳期间使用本药。,主要成份尼美舒利。,36个月,,7.00,湖北舒邦药业有限公司,口服，成人，一次0.05～0.1g，每日2次，餐后服用，最大单词计量不超过100mg，疗程不能超过15天。建议使用最小的有效计量、最短的疗程，以减少药品不良反应的发生。,已知对尼美舒利或本品中任何成份过敏者。 具有对乙酰水杨酸或其它非甾体类抗炎药过敏史者（支气管痉挛、鼻炎、风疹）。 禁用于冠状动脉搭桥手术（CABG）围手术期疼痛的治疗。 对尼美舒利具有肝毒性反应病史者。 有应用非甾体抗炎药后发生胃肠道出血或穿孔病史的患者。 患有活动性消化道溃疡/出血，脑血管出血或其它活动性出血/出血性疾病者，或者既往曾复发溃疡/出血的患者。 严重凝血障碍者。 严重心衰患者。 严重肾功能损害患者。 肝功能损害患者。,,,本品为高度蛋白质结合药物，所以可能置换其他蛋白质结合药物，并用其他非甾体类抗炎药后，如出现视力下降，应停止治疗，进行眼科检查。,,,50mg*10片,密封，干燥处保存。,本品为非甾体抗炎药，具有抗炎、镇痛、解热作用，可用于慢性关节炎症（如类风湿性关节炎和骨关节炎等）；手术和急性创伤后的疼痛和炎症；耳鼻咽部炎症引起的疼痛；痛经；上呼吸道感染引起的发热等症状的治疗。（说明书中适应症：本品为非甾体抗炎药，仅在至少一种其他非甾体抗炎药治疗失败的情况下使用，可用于慢性关节炎（如骨关节炎等）的疼痛，手术和急性创伤后的疼痛、原发性痛经的症状治疗。）,尼美舒利分散片
129,,尚不明确。,中药,常备用药,,,云丰,云丰 消炎退热颗粒,,大青叶、蒲公英、紫花地丁、甘草。辅料为：蔗糖、淀粉。,36个月,1、忌烟、酒及辛辣、生冷、油腻食物。 2、不宜在服药期间同时服用滋补性中成药。 3、风寒感冒者不适用，其表现为恶寒重，发热轻，无汗，头痛，鼻塞，流清涕，喉痒咳嗽。 4、高血压、心脏病、肝病、糖尿病、肾病等慢性病严重者应在医师指导下服用。 5、服药三天后症状无改善，或症状加重，或出现新的严重症状如胸闷、心悸等应立即停药，并去医院就诊。 6、小儿、年老体弱者、孕妇应在医师指导下服用。 7、脾胃虚寒，症见腹痛、喜暖、泄泻者慎用。 8、对本品过敏者禁用，过敏体质者慎用。 9、本品性状发生改变时禁止使用。 10、,28.00,云南白药集团股份有限公司,开水冲服。一次10克，一日4次。,尚不明确。,,本品为黄棕色颗粒；味甜、微苦。,如与其他药物同时使用可能会发生药物相互作用，详情请咨询医师或药师。,,,10g*12袋,密封。,清热解毒，凉血消肿。用于风热感冒症见发热，上呼吸道感染，咽喉肿痛，及各种疮疖肿痛。,消炎退热颗粒
130,,不良反应较少，对胃无刺激性，不引起胃出血，偶见皮疹、荨麻疹、药热及白血球减少等不良反应，长期大量用药会导致肝、肾功能异常。,西药,常备用药,,10片/盒。,加合百服宁,加合百服宁 酚咖片,,本品为复方制剂。每片含主要成分为对乙酰氨基酚500毫克和咖啡因65毫克。,24个月。,1.本品为对症治疗药，用于解热连续应用不得超过3天，用于止痛不得超过5天，症状未缓解请咨询医师或药师。2.不能同时服用含有对乙酰氨基酚及其他解热镇痛药的药品（如某些复方抗感冒药）。3.出现皮疹、荨麻疹等过敏反应时，应立即停药就医。4.肝肾功能不全患者、老年患者慎用。5.孕妇及哺乳期妇女应在医师指导下使用。6.对阿司匹林过敏者慎用。7.服用本品期禁止饮酒或含有酒精的饮料。8.对本品过敏者禁用，过敏体质者慎用。9.本品性状发生改变时禁止使用。10.请将本品放在儿童不能接触的地方。11.如正在使用其他药品，使用,10.00,中美上海施贵宝制药有限公司,口服。成人每次1片，若症状不缓解，间隔4-6小时可重复用药一次，24小时内不超过4次。,严重肝肾功能不全者禁用。,,本品为薄膜衣片。,1.应用巴比妥类（如苯巴比妥）或解痉药（如颠茄）的患者，长期应用本品可致肝损害。2.本品与氯霉素同服，可增强后者的毒性。3.长期大量与阿司匹林或其他非甾体抗炎药合用时，有明显增加肾毒性的危险。4.本品与抗病毒药齐多夫定（Zidovudine）合用时，可增加其毒性，应避免同时应用。5.如与其他药物同时使用可能会发生药物相互作用，详情请咨询医师或药师。,,,10片,遮光、密封保存。,用于普通感冒或流行性感冒引起的发热、头痛、及缓解轻中度疼痛，如关节炎、神经痛、偏头痛、痛经等。,酚咖片
131,,尚不明确。,中药,常备用药,,钠钙玻璃管制口服液瓶，每盒10支。,君泰,君泰 双黄连口服液,,金银花、黄芩、连翘，辅料为：蔗糖。,24个月。,1、忌烟、酒及辛辣、生冷、油腻食物。2、不宜在服药期间同时服用滋补性中药。3、风寒感冒者不适用。4、糖尿病患者及有高血压、心脏病、肝病、肾病等慢性病严重者应在医师指导下服用。5、儿童、孕妇、哺乳期妇女、年老体弱及脾虚便溏者应在医师指导下服用。6、发热体温超过38.5℃的患者，应去医院就诊。7、服药3天症状无缓解，应去医院就诊。8、对本品过敏者禁用，过敏体质者慎用。9、本品性状发生改变时禁止使用。10、儿童必须在成人监护下使用。11、请将本品放在儿童不能接触的地方。12、如正在使用其他药品，使用本品前请咨询,10.00,东莞亚洲制药有限公司,口服，一次20毫升，一日3次；儿童酌减或遵医嘱。,尚不明确。,,本品为棕红色的澄清液体；味甜、微苦。,如与其他药物同时使用可能会发生药物相互作用，详情请咨询医师或药师。,,,10ml*6支,密封，遮光，置阴凉处。,能疏风解表，清热解毒。用于外感风热所致的感冒，症见发热、咳嗽、咽痛。,双黄连口服液
132,,用药后发生儿童血尿的病例报道较多；其次为胃不适，烧灼感；此外尚有头痛、头晕、嗜睡。以及皮疹、心悸、胸闷、咽喉痛等不良反应。,西药,常备用药,,铝塑包装，每盒24片。口服固体药用高密度聚乙烯瓶，每瓶50片。,华南,华南牌 氯芬黄敏片(感冒通片),,本品为复方制剂，其组份为：每片含双氯芬酸钠15毫克、人工牛黄15毫克、马来酸氯苯那敏2.5毫克。,24个月。,1、本品可通过胎盘，妊娠期避免使用。2、小量氯苯那敏可由乳汁排出，并抑制泌乳。3、有肝、肾功能损害或溃疡病史者慎用，尤其是老年人。4、下列情况应慎用：膀胱颈部梗阻，幽门十二指肠梗阻 、心血管疾病、青光眼、高血压等。5、驾驶机动车辆、操作机械及高空作业者不宜服用。,11.00,广东华南药业集团有限公司,口服。一次1-2片，一日3次或遵医嘱。,1、对双氯芬酸钠，马来酸氯苯那敏以及人工牛黄过敏者禁用。2、新生儿或早产儿禁用。3、肝肾功能不全者禁用。4、已知对本品过敏者。,本品口服吸收快，完全。血药浓度6小时左右达峰值，代谢产物主要经肾脏排出。人工牛黄可通过胎盘屏障。,本品为薄膜衣片，除去包衣后，显浅黄色。,1、与阿司匹林或其他水杨酸类药同用时，药效不增加而胃肠道不良反应及出血倾向发生率增高。2、本品可降低胰岛素和其他降糖药作用，使血糖升高。3、阿司匹林可降低本品的生物利用度。4、本品可增强金刚烷胺、抗胆碱药、吩噻嗪类以及抗拟交感神经药等的作用。5、本品和三环类抗抑郁药同时服用时，可使后者增效。,,本品中双氯芬酸钠是一种衍生于苯乙酸类的非甾体消炎药镇痛药，其作用机理为抑制环氧化酶活性，从而阻断花生四烯酸向前列腺素的转化。同时，它也能促进花生四烯酸与甘油三酯结合，降低细胞内游离的花生四烯酸浓度，而间接抑制白三烯的合成。双氯芬酸钠是非甾体消炎药中作用较强的一种，它对前列腺素合成的抑制作用强于阿司匹林和消炎痛等。 马来酸氯苯那敏通过拮抗H1受体而对抗组胺的过敏反应，不影响组胺代谢，不阻止体内组胺释放，尚有M胆碱受体阻断和中枢抑制作用。人工牛黄具有解热、镇痛、镇静、抗炎等作用。,50片,密封保存（10-30℃）。,用于感冒引起的头痛、发热、鼻塞、流涕、咽痛、痰多等症。,氯芬黄敏片
133,,尚不明确,中药,常备用药,,,桑海,桑海 风寒感冒颗粒,,麻黄、葛根、紫苏叶、防风、桂枝、白芷、陈皮、苦杏仁、桔梗、甘草、干姜。辅料为蔗糖，糊精。,24个月,1、忌烟、酒及辛辣、生冷、油腻食物。 2、不宜在服药期间同时服用滋补性中成药。 3、风热感冒者不适用，其表现为发热重，微恶风，有汗，口渴，鼻流浊涕，咽喉红肿热痛，咳吐黄痰。 4、糖尿病患者及有高血压、心脏病、肝病、肾病等慢性病严重者、孕妇或正在接受其它治疗的患者，均应在医师指导下服用。 5、服药三天后症状无改善，或出现发热咳嗽加重，并有其他严重症状如胸闷、心悸等时应去医院就诊。 6、按照用法用量服用，小儿、年老体虚者应在医师指导下服用。 7、对本品过敏者禁用，过敏体质者慎用。,10.00,江西南昌桑海制药厂,口服，一次1袋，一日3次。,尚不明确,,本品为棕褐色颗粒；气芳香，味香、微苦。,如与其他药物同时使用可能会发生药物相互作用，详情请咨询医师或药师。,,,8g*9袋,密封，防潮。,解表发汗，疏风散寒。用于风寒感冒，发热，头痛，恶寒，无汗，咳嗽，鼻塞，流清涕。,风寒感冒颗粒
134,,尚不明确。,中药,常备用药,,铝塑泡罩包装：12片*2板/盒。,明仁,明仁 四季感冒片(薄膜衣片),,紫苏叶、荆芥、连翘、大青叶、防风、桔梗、陈皮、香附(炒)、炙甘草。辅料为被他环糊精，硬脂酸镁，薄膜包衣剂。,36个月,1.忌烟、酒及辛辣、生冷、油腻食物。 2.不宜在服药期间同时服用滋补性中药。 3.高血压、心脏病、肝病、糖尿病、肾病等慢性病严重者应在医师指导下服用。 4.服药三天后症状无改善，或症状加重，或出现新的严重症状如胸闷、心悸等应立即停药，并去医院就诊。 5.小儿、年老体弱者、孕妇应在医师指导下服用。 6.对本品过敏者禁用，过敏体质者慎用。 7.本品性状发生改变时禁止使用。 8.儿童必须在成人监护下使用。 9.请将本品放在儿童不能接触的地方。 10.如正在使用其他药品，使用本,14.30,山东明仁福瑞制药股份有限公司,口服，一次3～5片，一日3次。,尚不明确。,,本品为糖衣片，除去糖衣后，显褐色；味微苦涩。,,,,0.38g*24片,密封。,清热解表。用于四季风寒感冒引起的发热头痛，鼻流清涕，咳嗽口干，咽喉疼痛，恶心厌食。,四季感冒片
135,,尚不明确。,中药,常备用药,,18片/盒。,花城,花城 维C银翘片,,金银花、连翘、荆芥、淡豆豉、牛蒡子、桔梗、薄荷油、芦根、淡竹叶、维生素C、马来酸氯苯那敏、对乙酰氨基酚等16味。,36个月。,1、忌烟、酒及辛辣、生冷、油腻食物；2、不宜在服药期间同时服用滋补性中成药；3、不适用于风寒感冒，表现为恶寒明显，无汗，头痛身酸，鼻塞流清涕；4、本品含马来酸氯苯那敏、对乙酰氨基酚、维生素C；5、服用本品期间不得饮酒或含有酒精的饮料；6、不能同时服用与本品成份相似的其他抗感冒药；7、肝、肾功能不全者慎用；8、膀胱颈梗阻、甲状腺功能亢进、青光眼、高血压和前列腺肥大者慎用；9、孕妇及哺乳期妇女慎用；10、服药期间不得驾驶机、车、船、从事高空作业、机械作业及操作精密仪器；11、心脏病、糖尿病等慢性病严重者应在医,4.00,广州花城制药厂,口服，一次2片，一日6次。,可见困倦、嗜睡、口渴、虚弱感；偶见皮疹、荨麻疹、药热及粒细胞减少；长期大量用药会导致肝肾功能异常。,,本品为薄膜衣片。除去包衣后显灰褐色，略带有少许白色斑点；气微、味微苦。,1、与其他解热镇痛药并用，有增加肾毒性的危险。2、如与其他药物同时使用可能会发生药物相互作用，详情请咨询医师或药师。,,,18片,密封，遮光。,辛凉解表，清热解毒。用于流行性感冒引起的发热头痛、咳嗽、口干、咽喉疼痛。,维C银翘片
136,,可见困倦、嗜睡、口渴、虚弱感；偶见皮疹、荨麻疹、药热及粒细胞减少；长期大量用药会导致肝肾功能异常。,中药,常备用药,,,桑海,桑海 维C银翘片(薄膜衣片),,山银花、连翘、荆芥、淡豆豉、牛蒡子、桔梗、薄荷油、芦根、淡 竹叶、甘草、维生素C、马来酸氯苯那敏、对乙酰氨基酚。,,1.忌烟、酒及辛辣、生冷、油腻食物。 2.不宜在服药期间同时服用滋补性中成药。 3.不适用于风寒感冒，表现为恶寒明显，无汗，头痛身酸，鼻塞流清涕。 4.本品含马来酸氯苯那敏、对乙酰氨基酚、维生素C。服用本品期间不得饮酒或含有酒精的饮料；不能同时服用与本品成份相似的其他抗感冒药；肝、肾功能不全者慎用；膀胱颈梗阻、甲状腺功能亢进、青光眼、高血压和前列腺肥大者慎用；孕妇及哺乳期妇女慎用；服药期间不得驾驶机、车、船、从事高空作业、机械作业及操作精密仪器。 5.心脏病、糖尿病等慢性病严重者应在医师指导下服用,4.50,江西南昌桑海制药厂,口服，一次2片，一日3次。,严重肝肾功能不全者禁用。,,本品为薄膜衣片，除去包衣后显灰褐色，略带有少许白色斑点。气微，味微苦。,,,,15片*2板,密封，避光。,疏凉解表，清热解毒。用于流行性感冒引起的发热头痛、咳嗽、口干、咽喉疼痛。,维C银翘片
137,,未见明显不良反应。,中药,常备用药,,10支/盒。,众生,众生 银翘解毒液,,金银花、连翘、淡竹叶、牛蒡子、桔梗、淡豆鼓、甘草、荆芥油、薄荷油。,24个月。,1、忌烟、酒及辛辣、生冷、油腻食物。2、不宜在服药期间同时服滋补性中药。3、风寒感冒者不适用，其表现为恶寒重，发热轻，无汗，头痛，鼻塞，流清涕，喉痒咳嗽。 4、高血压、心脏病、肝病、肾病、糖尿病等慢性病严重者应在医生指导下服用。 5、服药3天症状无缓解，应去医院就诊。 6、儿童、年老体弱者应在医师指导下服用。7、对本品过敏者禁用，过敏体质者慎用。8、本品性状发生改变时禁止使用。9、儿童必须在成人监护下使用。10、请将本品放在儿童不能接触的地方。11、如正在使用其他药品，使用本品前请咨询医师或药师。,15.00,广东众生药业股份有限公司,口服，一次20ml，一日2~3次。,孕妇禁用。,,本品为棕褐色的液体；气香，味苦、略辛凉。,如与其他药物同时使用可能会发生药物相互作用，详情请咨询医师或药师。,,,10ml*10支,密封，阴凉处。,辛凉解表，清热解毒。用于风热感冒，发热头痛，咳嗽，口干，咽喉疼痛。,银翘解毒液
138,,,中药,常备用药,,,神驹,神驹 蛇胆川贝液,,蛇胆汁、平贝母。辅料为：蔗糖、杏仁水、蜜蜂、薄荷脑、山梨酸钾。,24个月,1.忌食辛辣、油腻食物。2.本品适用于肺热咳嗽，其表现为咳嗽，咯痰不爽，痰粘稠。3.支气管扩张、肺脓疡、肺心病、肺结核患者应在医师指导下服用。4.服用一周病证无改善，应停止服用，去医院就诊。5.服药期间，若患者出现高热，体温超过38℃，或出现喘促气急者，或咳嗽加重，痰量明显增多者应到医院就诊。6.孕妇、体质虚弱者慎用。7.对本品过敏者禁用，过敏体质者慎用。8.药品性状发生改变时禁止服用。9.儿童必须在成人监护下使用。10.请将此药品放在儿童不能接触的地方。11.如正在服用其他药品，使用本品前请咨询医师或药,8.00,桂林裕民制药有限公司,口服，一次10毫升，一日2次。,,,本品为浅黄色至黄棕色的澄清液体，味甜、微苦、有凉吼感。,,,,10ml*6支,密封、置阴凉处（不超过20°C）。,祛风止咳，除痰散结。用于肺热咳嗽，痰多，气喘，胸闷，咳痰不爽或久咳不止。,蛇胆川贝液
139,,,中药,常备用药,,0.32g*20s/盒。,万通,万通 感通片(薄膜衣片),,金银花、栀子、板蓝根、甘草、大青叶、对乙酰氨基酚、盐酸金刚烷胺。,24 月,,16.00,通化万通药业股份有限公司,,,,本品为薄膜衣片。,如与其他药物同时使用可能会发生药物相互作用，详情请咨询医师或药师。,,清热解毒，疏风解表。用于感冒风热证，证见为身热较著，微恶风，头痛鼻噻，咳嗽痰黄，口干痰痛，咽喉红肿。,0.32g*20片,密封。,口服。一次2片，一日2次。,感通片
140,,1、胃肠道反应较轻，可有恶心、烧心、消化不良及便秘，也有报道引起腹泻者。2、可引起皮疹。3、可引起嗜睡、头晕及定向障碍等神经精神症状。4、在小儿急性发热性疾病，尤其是流感及水痘患儿有引起瑞氏综合征(Reye)的危险。中国尚不多见。5、长期用药可影响肝功能，并有引起肝细胞坏死的报道。6、长期应用有可能引起镇痛药性肾病。,西药,常备用药,,0.5g*24片/盒。,康司达,康司达 贝诺酯片,,含贝诺酯(C17H15NO5)应为标示量的95.0％～105.0 ％。,24个月。,1、交叉过敏：对阿司匹林过敏者或其他非甾抗炎药过敏者对本品也过敏。2、本品仅为对症药物，因此在服本品3天后仍发热或服本品10天后仍疼痛者，必须就医检查。3、必须在医生医嘱下方能作为抗风湿药物较长期应用。,12.00,广东环球制药有限公司,口服成人常用量：一次0.5～1.0g，一日3～4次，疗程不超过10天。老年人用药一日不超过2.6g，疗程不超过5天,肝肾功能不全，阿司匹林对乙酰氨基酚过敏者以及其他非甾体抗炎药引起过哮喘、鼻炎及鼻息肉综合征者禁用。,口服后以原形吸收，吸收后很快代谢成为水杨酸和对乙酰氨基酚。原形药的T1/2约为l小时。进一步在肝中代谢，主要以水杨酸及对乙酰氨基酚的代谢产物自尿中排出，极小量从粪便排出。水杨酸的T1/22～3小时，对乙酰氨基酚T1/21～4小时。,本品为白色片。,本品不应与口服抗凝药（如华法林和肝素）同时使用。如与其他药物同时使用可能会发生药物相互作用，详情请咨询医师或药师。,,康司达贝诺酯片为对乙酰氨基酚与阿司匹林的酯化物。属非甾体类抗炎解热镇痛药，具解热、镇痛及抗炎作用，其作用机制基本同阿司匹林及对乙酰氨基酚主要通过抑制前列腺素的合成而产生镇痛抗炎和解热作用。作用时间较阿司匹林及对乙酰氨基酚长。急性毒性试验结果：大鼠经口LD50为10000mg/Kg，腹腔注射LD50为1830mg/Kg；小鼠经口LD50为2000mg/Kg，腹腔注射LD50为1255mg/Kg。,0.5g*24片,遮光，密封（10-30℃）。,用于发热、头痛、神经痛、牙痛及手术后轻中度疼痛等。,贝诺酯片
141,,一般剂量较少引起不良反应，对胃肠道刺激小，不会引起胃肠道出血。但也偶可引起恶心、哎呀、出汗、腹泻及面色苍白等不良反应。,西药,常备用药,,10片/盒。,南极雪,南极雪 对乙酰氨基酚片,,本品每片含主要成份对乙酰氨基酚0．5克。,18个月。,1、对阿司匹林过敏者一般对本品不发生过敏反应。但有报告在因阿司匹林过敏发生哮喘的病人中，少数病人可在服用本品后发生支气管痉挛。 2、酒精中毒、患肝病或病毒性肝炎时，本品有增加肝脏毒性的危险，应慎用。 3、肾功能不全者长期大量使用本品，有增加肾脏毒性的危险，应慎用。 4、因疼痛服用此药时，不得连续使用5天以上，退热治疗不得超过3天，除非另有医嘱。 5、服用本品后出现红斑或水肿症状应立即停药。 6、将此药放在儿童不易触及之处，万一发生过量服药现象，应立即就医。 7、本品仅为对症治疗药，在使用本品的同时，应尽可,3.50,广东环球药业有限公司,口服。6～12岁儿童，一次0.5片；12岁以上儿童及成人一次1片，若持续发热或疼痛，可间隔4-6小时重复用药一次，24小时内不得超过4次。,严重肝肾功能不全者禁用。,,本品为白色片。,如与其他药物同时使用可能会发生药物相互作用，详情请咨询医师或药师。,,本品为乙酰苯胺类解热镇痛药。通过抑制环氧化酶，选择性抑制下丘脑体温调节中枢前列腺素的合成，导致外周血管扩张、出汗而达到解热的作用，其解热作用强度与阿司匹林相似；通过抑制前列腺素等的合成和释放，提高痛阈而起到镇痛作用，属于外周性镇痛药，作用较阿司匹林弱，仅对轻、中度疼痛有效。本品无明显抗炎作用。,0.5g*10片,密封保存。,用于普通感冒或流行性感冒引起的发热，也用于缓解轻至中度疼痛如头痛、关节痛、偏头痛、（偏头痛是反复发作的一种搏动性头痛，属众多头痛类型中的“大户”。发作前常有闪光、视物模糊、肢体麻木等先兆，同时可伴有神经、精神功能障碍。它是一种可逐步恶化的疾病，发病频率通常越来越高。天然石膏具有阵痛安神的作用，睡眠时使用天然石膏磨制而成的膏都 石膏枕对偏头痛引起的各种症状有很好的缓解作用，起到了“内病外治”的作用。）牙痛、肌肉痛、神经痛、痛经。,对乙酰氨基酚片
142,,,中药,常备用药,,,石药,石药 治咳枇杷合剂,,,,1.忌食辛辣、油腻食物。 2.支气管扩张、肺脓疡、肺心病、肺结核、糖尿病患者应在医师指导下服用。 3.服用一周病证无改善，应停止服用，去医院就诊。 4.服药期间，若患者出现高热，体温超过38℃，或出现喘促气急者，或咳嗽加重，痰量明显增多者应到医院就诊。 5.长期服用，应向医师或药师咨询。 6.对本品过敏者禁用，过敏体质者慎用。 7.药品性状发生改变时禁止服用。 8.儿童必须在成人监护下使用。 9.请将此药品放在儿童不能接触的地方。 10.如正在服用其他药品，使用本品前请咨询医师或药师。,19.80,石药集团江西金芙蓉药业有限公司,口服，一次20毫升，一日3次。,,,本品为棕褐色的液体；气香，味甜、凉。,,,,120ml,密封，置阴凉处。,清肺热、止咳、祛痰。用于风热侵肺引起的口干作渴，咳逆痰多。,治咳枇杷合剂
143,,,中药,常备用药,,10g*12袋,同益,同益 橘红痰咳颗粒,,化橘红、苦杏仁、百部(蜜炙)、水半夏(制)、白前、茯苓、五味子、甘草。,24个月。,1.忌食辛辣、油腻食物。 2.本品适用于痰湿咳嗽，其表现为咳嗽反复发作，咳声重浊，痰多，色白或带灰色。 3.支气管扩张、肺脓疡、肺心病、肺结核患者应在医师指导下服用。 4.服用一周病证无改善，应停止服用，去医院就诊。 5.服药期间，若患者出现高热，体温超过38℃，或出现喘促气急者，或咳嗽加重，痰量明显增多者应到医院就诊。 6.长期服用，应向医师或药师咨询。 7.对本品过敏者禁用，过敏体质者慎用。 8.本品性状发生改变时禁止使用。 9.儿童必须在成年人监护下使用。 10.请将本品放在儿童不,16.00,珠海同益制药有限公司,开水冲服，一次10～20克，一日3次。,,,本品为淡棕黄色的颗粒；味甜、微苦。,如正在使用其他药品，使用本品前请咨询医师或药师。,,,10g*12袋/盒,密封。,理气祛痰，润肺止咳。用于感冒、咽喉炎引起的痰多咳嗽，气喘。,橘红痰咳颗粒
144,,尚不明确。,中药,常备用药,,9g*10丸/盒。,冯了性,冯了性 羚翘解毒丸,,羚羊角、金银花、连翘、薄荷、荆芥穗、淡豆豉、牛蒡子（炒）、桔梗、淡竹叶、甘草。辅料为：炼蜜。,36个月。,1、忌烟、酒及辛辣、生冷、油腻食物。2、不宜在服药期间同时服用滋补性中成药。3、风寒感冒者不适用，其表现为恶寒重，发热轻，无汗，鼻塞流清涕，口不渴，咳吐稀白痰。4、有高血压、心脏病、肝病、糖尿病、肾病等慢性病严重者、孕妇或正在接受其它治疗的患者，均应在医师指导下服用。5、服药三天后，症状无改善，或出现发热咳嗽加重，并有其他症状如胸闷心悸等时应去医院就诊。6、按照用法用量服用，小儿、年老体虚者应在医师指导下服用。7、连续服用应向医师咨询。8.对本品过敏者禁用，过敏体质者慎用。9、药品性状发生改变时禁止服用。,15.00,佛山冯了性药业有限公司,口服，一次1丸，一日2-3次。,尚不明确。,,本品为黑褐色大蜜丸；气微，味苦、微甜。,如与其他药物同时使用可能会发生药物相互作用，详情请咨询医师或药师。,,,9g*10丸,密闭，防潮。,疏风清热，解毒。用于风热感冒，恶寒发热，头晕目眩，咳嗽，咽痛。,羚翘解毒丸
145,,1、少数病人可出现恶心、呕吐、腹痛、腹泻、便秘、胃烧灼感或轻度消化不良、胃肠道溃疡及出血、转氨酶升高、头痛、头晕、耳鸣、视力模糊、精神紧张、嗜睡、下肢水肿或体重骤增。 2、罕见皮疹、荨麻疹、瘙痒。极罕见严重皮肤过敏反应，剥脱性皮炎、史蒂文斯－约翰逊综合征(Stevens Johnson Syndrome)或大疱性皮肤病，如多形性红斑和表皮坏死松解症。 3、罕见过敏性肾炎、膀胱炎、肾病综合征、肾乳头坏死或肾功能衰竭，尤其注意在长期使用时，通常伴有血清尿素水平升高和水肿。罕见支气管痉挛。 4、有肠道疾病,西药,常备用药,儿童必须在成人监护下使用。,,太平,太平 布洛芬缓释胶囊,慎用,本品每粒含主要成份布洛芬0.3克。辅料为：糖、淀 粉、硬脂酸、聚乙烯吡咯烷酮,36个月,1、本品为对症治疗药，自我用药不宜长期或大量使用，用于止痛不得超过5天，用于解热不得超过3天，如症状不缓解，请咨询医师或药师。 2、本品最好在餐中或餐后服用。 3、对本品及其他解热、镇痛抗炎药物过敏者禁用。过敏体质者慎用。 4、第一次使用本品如出现皮疹、粘膜损伤或过敏症状，应停药并咨询医师。 5、必须整粒吞服，不得打开或溶解后服用。 6、不能同时服用其他含有解热镇痛药的药品（如某些复方抗感冒药）。 7、服用本品期间不得饮酒或含有酒精的饮料。 8、肠胃病患者使用前请咨询医师或药师。既往有与使用,12.00,福建太平洋制药有限公司,口服，成 人一次1粒，一日2次(早晚各一次)，儿童用量请咨询医师或药师。,1、对其他非甾体抗炎药过敏者禁用。 2、孕妇及哺乳期妇女禁用。 3、对阿司匹林过敏的哮喘患者禁用。 4、严重肝肾功能不全者或严重心力衰竭者禁用。 5、正在服用其他含有布洛芬或其他非甾体抗炎药，包括服用已知是特异性环氧化酶-2抑制剂药物的患者禁用。,,本品内容物为白色球形小丸。,,过量服药可引起头痛、呕吐、倦睡、低血压等，一般症状在停药后即可自行消失。服药超量时应作紧急处理，包括催吐或洗胃、口服活性炭、抗酸药或（和）利尿药，并给予监护及其他支持疗法。,,0.3g*20粒,密封,用于缓解轻至中度疼痛如：关节痛、肌肉痛、神经痛、头痛、偏头痛、牙痛、痛经，也用于普通感冒或流行性感冒引起的发热。,布洛芬缓释胶囊
146,,,中药,常备用药,,24片。,腾药,腾药 银翘解毒片,,金银花、连翘、薄荷、荆芥、淡豆豉（chǐ）、牛蒡（bàng）子(炒)、桔梗、淡竹叶、甘草。,,1、忌烟、酒及辛辣、生冷、油腻食物。 2、不宜在服药期间同时服用滋补性中成药。 3、风寒感冒者不适用，其表现为恶寒重，发热轻，无汗，鼻塞流清涕，口不渴，咳吐稀白痰。 4、有高血压、心脏病、肝病、糖尿病、肾病等慢性病严重者、孕妇或正在接受其它治疗的患者，均应在医师指导下服用。 5、服药三天后，症状无改善，或出现发热咳嗽加重，并有其他症状如胸闷、心悸等时应去医院就诊。 6、按照用法用量服用，小儿、年老体虚者应在医师指导下服用。 7、连续服用应向医师咨询。 8、药品性状发生改变时禁止服用。 9、,7.50,云南腾药制药股份有限公司,口服。一次4片，一日2～3次。,,,,如与其他药物同时使用可能会发生药物相互作用，详情请咨询医师或药师。,,,0.5g*24片,,疏风解表，清热解毒。主要用于风热感冒，症见发热头痛，咳嗽口干 ，咽喉疼痛。,银翘解毒片
147,,尚不明确。,中药,常备用药,,60s/瓶。,同仁堂,同仁堂 藿香正气片,,广藿香油、紫苏叶油、白芷、生半夏、陈皮、苍术(炒)、茯苓、厚朴(姜制)、大腹皮、甘草浸膏。,36个月。,1、饮食宜清淡。 2、不宜在服药期间同时服用滋补性中成药。 3、有高血压、心脏病、肝病、糖尿病、肾病等慢性病严重者、孕妇或正在接受其它治疗的患者，均应在医师指导下服用。 4、服药三天后症状未改善，或出现吐泻明显，并有其他严重症状时应去医院就诊。 5、按照用法用量服用，小儿、年老体虚者应在医师指导下服用。 6、长期服用应向医师咨询。 7、对本品过敏者禁用，过敏体质者慎用。 8、本品性状发生改变时禁止使用。 9、儿童必须在成人监护下使用。 10、请将本品放在儿童不能接触的地方。 11、如正,18.00,北京同仁堂科技发展股份有限公司制药厂,口服，一次4-8片，一日2次。,尚不明确。,,本品为棕褐色片；气香，味辛苦。,详见说明书。,,,0.3g*60片,密封。,解表化湿，理气和中。用于暑湿感冒，头痛身重胸闷，或恶寒发热，脘腹胀痛，呕吐泄泻。,藿香正气片
148,,尚不明确。,中药,常备用药,,药用铝塑，12片/板*2板/盒。,腾药,腾药 桑菊感冒片,,桑叶、菊花、连翘、薄荷素油、苦杏仁、桔梗、甘草、芦根。,24个月。,1.忌烟、酒及辛辣、生冷、油腻食物。2.不宜在服药期间同时服用滋补性中药。3.风寒感冒者不适用。4.有高血压、心脏病、肝病、糖尿病、肾病等慢性病严重者应在医师指导下服用。5.儿童、孕妇、哺乳期妇女、年老体弱及脾虚便溏者应在医师指导下服用6.服药3天症状无缓解，应去医院就诊。7.对本品过敏者禁用，过敏体质者慎用。8.本品性状发生改变时禁止使用。9.儿童必须在成人监护下使用。10.请将本品放在儿童不能接触的地方。11.如正在使用其他药品，使用本品前请咨询医师或药师。,8.10,云南腾药制药股份有限公司,口服。一次4～8片，一日2～3次。,尚不明确。,,本品为淡棕色至棕褐色的片；气微香，味微苦。,如与其他药物同时使用可能会发生药物相互作用，详情请咨询医师或药师。,,,12片*2板,密封。,疏风清热，宣肺止咳。用于风热感冒初起，头痛，咳嗽，口干，咽痛。,桑菊感冒片
149,,,中药,常备用药,,,海尔思,海尔思 治咳枇杷合剂,,枇杷叶、百部、前胡、桔梗、桑白皮、薄荷脑。,详见说明书,,13.00,江西海尔思药业股份有限公司,口服，一次20毫升，一日3次。,,,,,,,120ml,,清肺热、止咳、祛痰。用于风热侵肺引起的口干作渴，咳逆痰多及支气管炎咳嗽。,治咳枇杷合剂
150,,有文献报道服用本品发生急性粒细胞减少、再生障碍性贫血、血小板减少、血尿等不良反应。,中药,常备用药,,固体药用塑料瓶包装，每瓶装100片。,一片天,一片天 感冒清片(薄膜衣片),,南板蓝根、大青叶、金盏银盘、岗梅、山芝麻、对乙酰氨基酚、穿心莲叶、盐酸吗啉胍、马来酸氯苯那敏。,24个月。,孕妇慎用；用药期间不宜驾驶车辆、管理机器及高空作业等。,12.00,广东一片天医药集团制药有限公司,口服，一次3～4片，一日3次。,尚未明确。,,本品为薄膜衣片，除去包衣后显灰绿色或灰褐色，味苦。,详见说明书。,,,0.22g*100片,密封。,疏风解表，清热解毒。用于风热感冒，发烧，头痛，鼻塞流涕，喷嚏，咽喉肿痛，全身酸痛等症。,感冒清片
151,,1、饮食宜清淡.服药期间不宜同时服用滋补性中成药。2、有高血压、心脏病、肝病、糖尿病、肾病等慢性病严重者、孕妇或正接受其它治疗的患者，均应在医师下指导下服用。3、服用三天后症状未改善，或出现吐泻明显，并有其他严重症状时应去医院就诊。,中药,常备用药,,药用复合膜袋装，每袋装3克，每盒装10袋。,罗定,罗定 加味藿香正气丸,,广藿香、紫苏叶、白芷、白术(炒)、陈皮、半夏(制) 、厚朴(姜制)、茯苓、桔梗、甘草、大腹皮。,24个月。,1、忌烟、酒及辛辣、生冷、油腻食物。2、不宜在服药期间同时服用滋补性中成药。3、不适用于风热感冒，其表现为发热明显，微恶风，有汗，口渴，鼻流浊涕，咽喉肿痛，咳嗽咯吐黄痰。4、高血压、心脏病、肝病、糖尿病、肾病等慢性病严重者应在医师指导下服用。5、服药3天后或服药期间症状无改善，或症状加重，或出现新的严重症状如胸闷、心悸等应立即停药，并去医院就诊。6、小儿、年老体弱者、孕妇应在医师指导下服用。7、对本品过敏者禁用，过敏体质者慎用。8、药品性状发生改变时禁止服用。,4.20,广东逢春制药有限公司,口服，一次6克，一日2次。,孕妇忌服。,,本品为青黄色至棕黄色的浓缩丸；气芳香，味甘、微苦。,如与其他药物同时使用可能会发生药物相互作用，详情请咨询医师或药师。,,,3g*10包,密封。,解表化湿，理气和中。用于外感风寒，内伤湿滞，头痛昏重，胸膈痞闷，脘腹胀痛，呕吐泄泻。,加味藿香正气丸
152,,,中药,常备用药,,复合膜袋装，每盒10小袋。,以岭,以岭 连花清瘟颗粒,,连翘、金银花、炙麻黄、炒苦杏仁、石膏、板蓝根、绵马贯众、鱼腥草、广藿香、大黄、红景天、薄荷脑、甘草。,24 月,1.忌烟、酒及辛辣、生冷、油腻食物。 2.不宜在服药期间同时服用滋补性中药。 3.风寒感冒者不适用。 4.高血压、心脏、糖尿病病患者慎用。有肝病、肾病等慢性病严重者应在医师指导下服用。 5.儿童、孕妇、哺乳期妇女、年老体弱及脾虚便溏者应在医师指导下服用。 6.发热体温超过38.5℃的患者，应去医院就诊。 7.严格按用法用量服用，本品不宜长期服用。 8.服药3天症状无缓解，应去医院就诊。 9.对本品过敏者禁用，过敏体质者慎用。 10.本品性状发生改变时禁止使用。 11.儿童必须在成人监护下使用。 12.请,30.00,北京以岭药业有限公司,口服。一次1袋，一日3次。,1.过敏体质者。 2.风寒感冒者。 3.脾虚便溏者。 4.高血压心脏病患者及肝病糖尿病肾病等慢性病严重者。 5.儿童孕妇哺乳期妇女年老体弱者。,,本品为棕黄色至棕褐色颗粒，味微苦，气微香。,如与其他药物同时使用可能会发生药物相互作用，详情请咨询医师或药师。,,,6g*10袋,密封，置阴凉干燥处。,用于治疗流行性感冒属热毒袭肺证，症见：发热或高热，恶寒，肌肉酸痛，鼻塞流涕，咳嗽，头痛，咽干咽痛，舌偏红，苔黄或黄腻等。,连花清瘟颗粒
153,,偶见皮疹、荨麻疹、药热及粒细胞减少；可见困倦、嗜睡、口渴、虚弱感；长期大量用药会导致肝肾功能异常。,中药,常备用药,,,新峰药业,新峰药业 感冒灵颗粒,,三叉苦、岗梅、金盏银盘、野菊花、薄荷油、咖啡因、扑尔敏、对乙酰氨基酚。,36个月,1. 忌烟、酒及辛辣、生冷、油腻食物。 2. 不宜在服药期间同时服用滋补性中成药。 3. 高血压、心脏病、肝病、肾病等慢性病严重者应在医师指导下服用。 4. 糖尿病患者、消化道溃疡患者、膀胱颈梗阻、幽门十二指肠梗阻、甲状腺机能亢进、青光眼以及前列腺肥大等患者慎用。 5. 脾胃虚寒，症见腹痛、喜暖、泄泻者慎用。 6. 用药三天后症状无改善，或症状加重，或出现新的严重症状如胸闷、心悸等应立即停药，并去医院就诊。 7. 小儿、年老体弱者、孕妇及哺乳期妇女应在医师指导下服用。 8. 对本品过敏者禁用,8.00,广东新峰药业股份有限公司,开水冲服，一次 10g，一日 3次。,严重肝肾功能不全者禁用。,,本品为浅棕色至深棕色颗粒；味甜、微苦。,1、与其他解热镇痛药并用，有增加肾毒性的危险。 2、与其他药物同时使用可能会发生药物相互作用，详情请咨询医师或药师。,,,10g*12袋,密封。,新峰感冒灵颗粒功效：解热镇痛。用于感冒引起的头痛，发热，鼻塞。流涕，咽痛等。,感冒灵颗粒
154,,尚不明确,中药,常备用药,,10g*6袋,雲昆,雲昆 感冒疏风颗粒,,,,1、忌烟、酒及辛辣、生冷、油腻食物。2、不宜在服药期间同时服用滋补性中药。3、风热感冒者不适用，其表现为发热明显、微恶风，有汗、口渴、鼻流浊涕，咽喉肿痛、咳吐黄痰。4、高血压、心脏病患者慎用。5、肝病、糖尿病、肾病等慢性病严重者应在医师指导下服用。6、儿童、年老弱者、哺乳期妇女应在医师指导下服用。7、服药三天症状无缓解，应去医院就诊。8、对本品过敏者禁用，过敏体质慎用。9、本品性状发生改变时禁止慎用。10、儿童必须在成人监护下使用。11、请将本品放在儿童不能接触的地方。12、如正在使用其他药品，使用本品前,17.80,昆明中药厂有限公司,,孕妇禁用，糖尿病者禁服,,,,,,10g*6袋,,散寒解表、宣肺和中。用于风寒感冒所致的发热咳嗽，头痛怕冷、鼻流清涕、骨节酸痛、四肢疲倦。,感冒疏风颗粒
155,,可见困倦，头晕，口干，胃部不适，乏力，大便干燥等。,中药,常备用药,,瓶。,一力,一力 感冒清片,,南板蓝根、大青叶、金盏银盘、岗梅、山芝麻、对乙酰氨基酚、穿心莲叶、盐酸吗啉胍、马来酸氯苯那敏。,24个月。,用药期间不宜驾驶车辆、管理机器及高空作业等。,12.00,广州白云山制药股份有限公司广州白云山制药总厂,口服，一次3～4片，一日3次。,谨慎用药。,,本品为薄膜衣片，除去包衣后显灰绿色或灰褐色；味苦。,如与其他药物同时使用可能会发生药物相互作用，详情请咨询医师或药师。,,,0.22g*100片,密封。,疏风解表，清热解毒。用于风热感冒，发烧，头痛，鼻塞流涕，喷嚏，咽喉肿痛，全身酸痛等症。,感冒清片
156,,不良反应较少，对胃无刺激性，不引起胃出血，偶见皮疹、荨麻疹、药热及白血球减少等不良反应，长期大量用药会导致肝、肾功能异常。,西药,常备用药,,20片/盒。,芬必得,芬必得 酚咖片,,本品为复方制剂，每片含主要成分为乙酰氨基酚500毫克和咖啡因65毫克。辅料为：玉米淀粉、预胶化淀粉、聚乙烯吡咯烷酮、山梨酸钾、交联羧甲基纤维素钠、硬脂酸、滑石粉、三乙酸甘油酯和羟丙基甲基纤维素。,24个月。,1.该药品为对症治疗药，用于解热连续应用不得超过3天，用于止痛不得超过5天，症状未缓解请咨询医师或药师。 2.不能同时服用含有对乙酰氨基酚及其他解热镇痛药的药品（如某些复方抗感冒药）。 3.出现皮疹、荨麻疹等过敏反应时，应立即停药就医。 4.肝肾功能不全患者、老年患者慎用。 5.孕妇及哺乳期妇女应在医师指导下使用。 6.对阿司匹林过敏者慎用。 7.服用该药品期禁止饮酒或含有酒精的饮料。 8.对该药品过敏者禁用，过敏体质者慎用。 9.该药品性状发生改变时禁止使用。 10.请将该药品放在儿童不能接触的地方。,15.00,中美天津史克制药有限公司,口服。成人一次2片，若症状不缓解，间隔4-6小时可重复用药一次，24小时内不超过4次。,严重肝肾功能不全者禁用。,尚不明确。,本品为薄膜衣片，除去包衣后显类白色。,1.应用巴比妥类（如苯巴比妥）或解痉药（如颠茄）的患者，长期应用该药品可致肝损害。 2.该药品与氯霉素同服，可增强后者的毒性。 3.长期大量与阿司匹林或其他非甾体抗炎药合用时，有明显增加肾毒性的危险。 4.该药品与抗病毒药齐多夫定（Zidovudine）合用时，可增加其毒性，应避免同时应用。 5.如与其他药物同时使用可能会发生药物相互作用，详情请咨询医师或药师。,,该药品含有对乙酰氨基酚能抑制前列腺素的合成而产生解热镇痛作用；咖啡因为中枢兴奋药，由于它能够收缩脑血管，减轻其搏动的幅度，故与解热镇痛药配伍能增强镇痛效果。,20片,避光、密封保存。,适用于普通感冒或流行性感冒引起的发热。也用于缓解轻至中度疼痛，如头痛、偏头痛、牙痛、神经痛、肌肉痛、痛经及关节痛等。,酚咖片
157,,,中药,常备用药,,,叶开泰,叶开泰 风热感冒颗粒,,,,1.忌烟、酒及辛辣、生冷、油腻食物。2.不宜在服风热感冒颗粒期间同时服用滋补性中成药。3.风寒感冒者不适用，其表现为恶寒重，发热轻，无汗，鼻塞流清涕，口不渴，咳吐稀白痰。4.糖尿病患者及有高血压、心脏病、肝病、肾病等慢性病严重者、孕妇或正在接受其它治疗的患者，均应在医师指导下服用。5.服药三天后症状无改善，或出现发热咳嗽加重，并有其他症状如胸闷、心悸等时应去医院就诊。6.按照用法用量服用，小儿、年老体虚者应在医师指导下服用。7.连续服用应向医师咨询。8.对本品过敏者禁用，过敏体质者慎用。9.本品性状发生改变时禁止使用。10.儿童必须在成人监护下使用。11.请将本品放在儿童不能接触的地方。12.如正在使用其他药品，使用风热感冒颗粒前请咨询医师或药师。,29.50,健民集团叶开泰国药(随州)有限公司,口服，一次1袋，一日3次。,,,,如与其他药物同时使用可能会发生药物相互作用，详情请咨询医师或药师。,,,10g*8袋,,疏风清热，利咽解毒。用于风热感冒，发热，有汗，鼻塞，头痛，咽痛，咳嗽，多痰。,风热感冒颗粒
158,,尚不明确。,中药,常备用药,,,葵花,葵花 川贝清肺糖浆,,川贝母、枇杷叶、苦杏仁、麦冬、地黄、桔梗、薄荷、甘草。辅料为蔗糖，苯酸钾,24个月,忌烟、酒及辛辣、生冷食物。 2. 痰湿咳嗽不宜服，其表现为咳嗽痰多，痰粘腻或稠厚成块，伴有食倦，食少腹胀，大便稀溏。 3.有支气管扩张、肺脓疡、肺心病、糖尿病的患者，应在医师指导下服用。 4.服用三天，症状无改善，应停止服用，并去医院就诊。 5.按用法用量服用，小儿、年老体虚者应在医师指导下服用。 6.长期服用，应向医师咨询。 7.对本品过敏者禁用，过敏体质者慎用。 8.本品性状发生改变时禁止使用。 9.儿童必须在成人监护下使用。 10.请将本品放在儿童不能接触的地方。 11.如正在,20.00,葵花药业集团湖北武当有限公司,口服，一次15-30毫升，一日3次，小儿酌减。,尚不明确。,,本品为棕褐色的粘稠液体；气芳香，味甜。,如与其他药物同时使用可能会发生药物相互作用，详情请咨询医师或药师。,,,15ml*6支,密封，置阴凉处。,清肺润燥，止咳化痰。用于干咳，咽干，咽痛。,川贝清肺糖浆
159,,推荐剂量下，未见明显不良反应。,中药,常备用药,,瓶。,白云山,白云山 穿心莲片(小片),,穿心莲。,24个月。,1、忌烟、酒及辛辣、生冷、油腻食物。2、不宜在服药期间同时服用滋补性中药。3、本品适用于风热感冒，症见发热咽痛，口干或渴，咳嗽痰黄。4、高血压、心脏病、肝病、糖尿病、肾病等慢性病严重者应在医师指导下服用。5、服药3天症状无缓解，应去医院就诊。6、儿童、年老体弱者、孕妇应在医师指导下服用。7、对本品过敏者禁用，过敏体质者慎用。8、本品性状发生改变时禁止使用。9、儿童必须在成人的监护下使用。10、请将本品放在儿童不能接触的地方。11、如正在使用其他药品，使用本品前请咨询医师或药师。,13.00,广州白云山和记黄埔中药有限公司,口服，一次2～3 片（小片），一日3～4 次；或一次1～2片（大片），一日3次。,孕妇及哺乳期妇女慎用或遵医嘱,,本品为糖衣片或薄膜衣片，除去包衣后显灰褐色至棕褐色；味苦。,如与其他药物同时使用可能会发生药物相互作用，详情请咨询医师或药师。,,,80片,密封。,清热解毒，凉血消肿。用于感冒发热，咽喉肿痛，口舌生疮，顿咳劳嗽，泄泻痢疾，热淋涩痛，痈肿疮疡，毒蛇咬伤。,穿心莲片
